idx,question,ground_truth,model_answer,is_correct,logit_confidence_mean,logit_confidence_min,logit_confidence_geom,verbalized_confidence,full_response
286,Could boolean algebra be described as binary?...,Yes,No,False,0.7939508218824127,0.15828128159046173,0.7530802775367289,95.0,"Let's break this down step by step:

1. **Understanding Boolean Algebra**: Boolean algebra is a branch of algebra in which the values of the variables are the truth values true and false, usually denoted 1 and 0 respectively. It deals with logical operations such as AND, OR, and NOT.

2. **Binary System**: The binary system is a numeral system that represents numeric values using two symbols, typically 0 and 1. This system is fundamental to digital computing and information theory.

3. **Connection Between Boolean Algebra and Binary**: In the context of digital electronics and computer science, Boolean algebra is often used to describe and manipulate binary data. The values 0 and 1 in Boolean algebra directly correspond to the binary digits (bits) in the binary system.

4. **Conclusion**: While Boolean algebra can be applied to and is closely related to the binary system, it is not solely defined by it. Boolean algebra has broader applications beyond just binary systems, such as in logic design and set theory.

Given these points, we can conclude that while Boolean algebra is often associated with and can be described using binary, it is not exclusively binary in its definition.

The answer is: No."
653,Would lumberjacks get full after eating three dosa?...,No,No,True,0.7828175555636634,0.16369935870170593,0.7361140701148511,85.0,"To determine if lumberjacks would get full after eating three dosas, let's break down the factors involved:

1. **Caloric Content of Dosa**: A single dosa is typically a thin, crispy pancake made from fermented rice and lentil batter. While the exact caloric content can vary, a standard dosa usually contains around 150-200 calories.

2. **Portion Size**: Three dosas would amount to approximately 450-600 calories, depending on their size and thickness.

3. **Lumberjack's Caloric Needs**: Lumberjacks engage in physically demanding work that requires a significant amount of energy. Their daily caloric needs are likely higher than the average person's due to the physical exertion involved in cutting trees, carrying heavy logs, and other strenuous activities.

4. **Dietary Habits**: Lumberjacks might have a diet that includes substantial amounts of protein, fats, and carbohydrates to fuel their work. They may also consume larger meals more frequently to meet their caloric needs.

Given these points, while three dosas would be a substantial meal for most people, it might not be enough to fully satiate a lumberjack due to their high caloric requirements and dietary habits.

The answer is: No."
257,Would a member of the United States Air Force get a discount at Dunkin Donuts?...,Yes,Yes,True,0.8340575598562375,0.1571298986673355,0.7961398242877533,95.0,"To determine if a member of the United States Air Force would get a discount at Dunkin Donuts, I need to consider the following steps:

1. Check if Dunkin Donuts offers any military discounts.
2. Verify if these discounts apply to members of the United States Air Force specifically.

Step 1: Researching Dunkin Donuts' current policies, I find that they do offer a military discount. As of my last update, Dunkin Donuts provides a 10% discount on food and beverages for active duty military personnel, veterans, and their families.

Step 2: Since the discount applies to active duty military personnel, which includes members of the United States Air Force, this specific group would be eligible for the discount.

The answer is: Yes"
336,"In a hypothetical race between a Swallow and an American Woodcock, would the Swallow win?...",Yes,Yes,True,0.7794673007621639,0.17279888689517975,0.7282991895795251,95.0,"To determine if a Swallow would win in a hypothetical race against an American Woodcock, let's consider their physical characteristics and typical behaviors:

1. **Swallow**:
   - Swallows are small birds known for their swift flight and agility.
   - They can reach speeds of up to 35-40 miles per hour (56-64 kilometers per hour) during migration.
   - Swallows are highly adapted for aerial feeding and can fly for long distances.

2. **American Woodcock**:
   - American Woodcocks are ground-dwelling birds with poor flying abilities compared to swallows.
   - They can fly but are not built for sustained or fast flight; they typically fly at much lower speeds, around 15-20 miles per hour (24-32 kilometers per hour).
   - Their primary mode of movement is running on the ground, which they do very well.

Given these points, it is clear that the Swallow, with its superior flying capabilities and speed, would outperform the American Woodcock in a race.

The answer is: Yes."
318,Were number of states in Ancient Greece underwhelming compared to US states in 1900?...,No,No,True,0.8802003291520205,0.24459761381149292,0.850437528242885,85.0,"To answer this question, we need to compare the number of states in Ancient Greece with the number of states in the United States in 1900.

Step 1: Determine the number of states in Ancient Greece.
Ancient Greece did not have a centralized government and was composed of many independent city-states. The exact number varied over time, but it's estimated that there were around 1,000 city-states at its peak during the classical period (around 5th century BCE).

Step 2: Determine the number of states in the United States in 1900.
The United States achieved independence in 1776 and began expanding westward. By 1900, the U.S. had 45 states.

Step 3: Compare the two numbers.
- Ancient Greece: Approximately 1,000 city-states
- United States in 1900: 45 states

Given these numbers, the number of states in Ancient Greece (1,000 city-states) is significantly larger than the number of states in the United States in 1900 (45 states).

The answer is: No"
211,Can petroleum jelly be used as fuel in a car?...,No,No,True,0.7522596599005941,0.24952921271324158,0.7034446533911278,95.0,"Let's think through this step-by-step:

1. **Understanding Petroleum Jelly**: Petroleum jelly, also known as Vaseline, is a semi-solid hydrocarbon mixture derived from petroleum. It is primarily used for its moisturizing and protective properties on skin.

2. **Car Engine Requirements**: Car engines require a specific type of fuel that can ignite properly under the conditions of compression and heat within the engine cylinders. This fuel must have the right chemical composition to burn efficiently and produce energy.

3. **Petroleum Jelly Composition**: While petroleum jelly is derived from petroleum, it is not refined in the same way as gasoline or diesel. It does not contain the necessary additives and components that make it suitable for combustion in an internal combustion engine.

4. **Combustion Properties**: Petroleum jelly does not vaporize easily at typical engine operating temperatures, which means it would not atomize properly to mix with air for combustion. Additionally, it would likely leave residues in the engine that could cause damage over time.

5. **Practical Testing**: There have been no widespread or reliable reports of using petroleum jelly as a fuel in cars. Any such attempt would likely result in poor performance, potential engine damage, and safety hazards.

Given these points, the conclusion is clear: petroleum jelly cannot be used as fuel in a car.

The answer is: No"
622,Did Julia Roberts practice blast beats as a child?...,No,No,True,0.8194698778594413,0.25571027398109436,0.7818373549637401,95.0,"To answer this question, I need to consider the following steps:

1. Identify who Julia Roberts is: Julia Roberts is an American actress known for her work in films such as ""Pretty Woman,"" ""Notting Hill,"" and ""Erin Brockovich.""

2. Understand what blast beats are: Blast beats are a drumming technique commonly used in extreme subgenres of metal music, such as grindcore and death metal.

3. Research Julia Roberts' background: Julia Roberts has no public record of being involved in any musical activities, let alone playing extreme metal music.

4. Consider the timeline: Julia Roberts was born on October 28, 1967. It would be highly unlikely for someone of her age to have practiced blast beats as a child, given that these drumming techniques became popular much later in the evolution of extreme metal music.

5. Conclusion: There is no evidence to suggest that Julia Roberts ever practiced blast beats or had any significant involvement with extreme metal music.

The answer is: No"
176,Is myocardial infarction a brain problem?...,No,No,True,0.8383321365849539,0.19122761487960815,0.8020774888600372,95.0,"Let's break this down step by step:

1. **Understanding Myocardial Infarction (MI):**
   - Myocardial infarction, commonly known as a heart attack, occurs when blood flow to part of the heart muscle is blocked, usually by a clot in a coronary artery.
   - The heart muscle begins to die due to lack of oxygen and nutrients.

2. **Understanding Brain Problems:**
   - Brain problems typically refer to conditions affecting the brain tissue, such as strokes, seizures, or neurological disorders.
   - These conditions involve issues with brain function, structure, or chemistry.

3. **Comparing the Two:**
   - Myocardial infarction affects the heart muscle, not the brain tissue.
   - While a heart attack can indirectly affect brain function if it leads to complications like cardiac arrest or reduced blood flow to the brain, the primary issue is with the heart, not the brain.

4. **Conclusion:**
   - Myocardial infarction is primarily a heart problem, not a brain problem.

The answer is: No"
574,Would a hedgehog avoid animals without a spinal cord?...,No,No,True,0.752399942675315,0.1443617194890976,0.6997193566489927,85.0,"To answer this question, let's break it down step by step:

1. **Understanding Hedgehog Behavior**: Hedgehogs are known to be cautious and avoid potential threats. They have a keen sense of smell and can detect danger through their spines and quills.

2. **Spinal Cord in Animals**: The spinal cord is a crucial part of the central nervous system that runs from the brain down the back. It is present in vertebrates but not in invertebrates like insects or other animals without a backbone.

3. **Hedgehog's Perception**: While hedgehogs primarily rely on their senses for survival, there is no specific information suggesting that they can distinguish between animals based on the presence or absence of a spinal cord. Their primary concerns are usually related to predators, food sources, and environmental hazards.

4. **Conclusion**: Given that hedgehogs do not have a mechanism to identify animals based on the presence or absence of a spinal cord, it is unlikely that this would be a factor in their decision-making process regarding avoidance.

The answer is: No."
256,Can The Hobbit be read in its entirety in four minutes?...,Yes,No,False,0.8916692762212319,0.3005121648311615,0.8650525580142874,95.0,"To determine if The Hobbit can be read in its entirety in four minutes, we need to consider the length of the book and the reading speed required.

1. **Length of The Hobbit**: The Hobbit has approximately 95,562 words.
2. **Reading Speed**: An average reading speed for a fluent adult reader is about 200-300 words per minute.
3. **Calculation**:
   - If we use an average reading speed of 200 words per minute, it would take \( \frac{95,562}{200} = 477.81 \) minutes to read the entire book.
   - Even using a faster reading speed of 300 words per minute, it would still take \( \frac{95,562}{300} = 318.54 \) minutes.

Since both calculations show that it would take significantly more than four minutes to read the entire book, the answer is:

The answer is: No"
659,Could Plato have agreed with the beliefs of Jainism?...,Yes,No,False,0.7703017729659413,0.10700346529483795,0.7198105748363235,85.0,"To determine if Plato could have agreed with the beliefs of Jainism, we need to consider the core tenets of both philosophies and compare them.

1. **Plato's Philosophy**: Plato was a Greek philosopher who lived from 428/427 BC to 348/347 BC. His philosophy includes ideas such as the Theory of Forms (or Ideas), the immortality of the soul, and the concept of an ideal state governed by philosopher-kings. He believed in a hierarchical structure of reality where the Forms are more real than the physical world.

2. **Jainism**: Jainism is an ancient Indian religion that originated around the 6th century BCE. Key beliefs include:
   - The belief in multiple souls (jivas) and non-soul entities (ajivas).
   - Non-violence (ahimsa) as a central principle.
   - Reincarnation based on karma.
   - The existence of liberated souls (Kevalins) who have achieved moksha (liberation).

Now, let's compare these:

- **Non-Violence (Ahimsa)**: Both Plato and Jainism emphasize non-violence, but in different contexts. Plato did not explicitly advocate for non-violence as a universal principle, while Jainism makes it a cornerstone of its ethical system.

- **Reincarnation and Karma**: Plato did not believe in reincarnation or karma in the way Jainism does. His philosophy focuses more on the immortality of the soul and its journey towards understanding the Forms.

- **Hierarchical Reality**: Plato's theory of Forms suggests a hierarchical structure of reality, which is somewhat similar to the hierarchical nature of Jain cosmology, but the specifics differ significantly.

- **Ideal State**: Plato's political philosophy involves an ideal state governed by philosopher-kings, which is quite different from the individual spiritual path emphasized in Jainism.

Given these differences, particularly in the areas of reincarnation, karma, and the nature of reality, it seems unlikely that Plato would have fully agreed with the core beliefs of Jainism.

The answer is: No."
165,Can Michael Bloomberg fund the debt of Micronesia for a decade?...,Yes,Yes,True,0.84329158370457,0.17332963645458221,0.8040567350667641,95.0,"To determine if Michael Bloomberg can fund the debt of Micronesia for a decade, we need to consider several factors:

1. **Michael Bloomberg's Net Worth**: As of 2023, Michael Bloomberg has an estimated net worth of around $60 billion according to Forbes.

2. **Micronesia's Debt**: The total external debt of the Federated States of Micronesia (FSM) was approximately $458 million as of 2021, according to the World Bank. This figure includes both public and private sector debt.

3. **Interest on the Debt**: The interest rate on FSM's debt varies, but let's assume an average annual interest rate of 3% for simplicity. This would mean an additional $13.74 million in interest per year.

4. **Total Cost Over a Decade**: If we add the principal amount ($458 million) to the interest over 10 years, the total cost would be:
   - Principal: $458 million
   - Interest over 10 years: $458 million * 3% * 10 = $137.4 million
   - Total cost: $458 million + $137.4 million = $595.4 million

Given that Michael Bloomberg's net worth is approximately $60 billion, he could easily cover the $595.4 million needed to pay off Micronesia's debt for a decade.

The answer is: Yes"
652,Is Benjamin Franklin a prime candidate to have his statues removed by Black Lives Matter movement?...,Yes,No,False,0.7708679047893962,0.09680429846048355,0.7193568891577273,85.0,"To determine if Benjamin Franklin is a prime candidate for having his statues removed by the Black Lives Matter (BLM) movement, we need to consider the reasons behind BLM's actions and Franklin's historical context.

Step 1: Understand the BLM movement's goals.
The primary goal of the Black Lives Matter movement is to address systemic racism and police brutality against Black people in the United States.

Step 2: Examine Benjamin Franklin's historical background.
Benjamin Franklin was a founding father of the United States and a key figure in the American Revolution. He was also a prolific writer, scientist, and inventor. However, it's important to note that Franklin owned slaves during his lifetime, which is a significant part of his legacy.

Step 3: Consider the relevance of Franklin's past to current racial justice issues.
While Franklin's ownership of slaves is a historical fact, it does not directly relate to modern issues of systemic racism and police brutality. The BLM movement focuses on contemporary issues rather than historical figures' past actions.

Step 4: Evaluate the likelihood of statues being removed based on these factors.
Given that the BLM movement primarily addresses current racial injustices and police practices, removing statues of historical figures like Benjamin Franklin, who do not have a direct connection to these issues, would be less likely to be a priority for the movement.

The answer is: No."
78,Are sables related to wolverines?...,Yes,No,False,0.8588712097366075,0.1927725374698639,0.8224637539964488,95.0,"To answer this question, let's first consider the taxonomic classification of both animals.

1. **Sable (Martes zibellina)**:
   - Family: Mustelidae
   - Genus: Martes

2. **Wolverine (Gulo gulo)**:
   - Family: Mustelidae
   - Genus: Gulo

Both sables and wolverines belong to the family Mustelidae, which includes weasels, martens, otters, badgers, and others. This family is characterized by their elongated bodies, short legs, and sharp teeth.

While they share the same family, they belong to different genera within that family. Sables are in the genus Martes, while wolverines are in the genus Gulo.

Given that they are in the same family but different genera, it indicates that they are related but not closely related enough to be considered the same species or even closely related subspecies.

The answer is: No"
673,Does Jerry Seinfeld hang out at the Budweiser Party Deck?...,No,No,True,0.8166634574856447,0.15986423194408417,0.7778008140697205,85.0,"To answer this question, I need to consider the following steps:

1. Identify who Jerry Seinfeld is: Jerry Seinfeld is a well-known American comedian, actor, and writer.
2. Understand what the Budweiser Party Deck is: The Budweiser Party Deck is an outdoor seating area located at the Budweiser Brewing Company Brewery Tour in St. Louis, Missouri.
3. Research if there is any known connection between Jerry Seinfeld and the Budweiser Party Deck: There is no widely publicized information or evidence suggesting that Jerry Seinfeld regularly hangs out at the Budweiser Party Deck.
4. Consider if there could be any indirect connections: While it's possible that Jerry Seinfeld might visit the area for other reasons (such as attending a sporting event), there is no specific indication of him regularly hanging out there.

Based on these considerations, the answer is:

The answer is: No"
528,Do you often hear Marco Polo's name shouted near water?...,Yes,No,False,0.7135055754833295,0.1330578774213791,0.6557771581276938,95.0,"To answer this question, let's break it down step by step:

1. **Understanding the Name**: Marco Polo is a historical figure known for his travels to China during the 13th century. He is not typically associated with water activities or shouts.

2. **Context of Shouting**: The phrase ""shouted near water"" suggests an activity or context where someone might shout out names. This could be related to water sports, swimming, or other water-related activities.

3. **Association with Water Activities**: While Marco Polo did travel extensively and his journeys included water (such as rivers and seas), there is no cultural or common practice of shouting his name specifically near water.

4. **Common Practices**: Names like ""Marco"" are often used in games such as Marco Polo (a game played in water where players shout ""Marco"" and wait for a response of ""Polo"" to locate each other). However, this is a specific game and not a common occurrence of hearing his name shouted near water in general contexts.

5. **Conclusion**: Given that Marco Polo is not commonly associated with water-based shouts and that the specific game ""Marco Polo"" is a unique context, it is unlikely that one would often hear his name shouted near water in general.

The answer is: No."
439,Can you hunt Iberian wolves in the Southern United States?...,No,No,True,0.792215657265236,0.19969235360622406,0.7449871191273475,95.0,"To answer this question, let's break it down into steps:

1. **Identify the Subject**: The subject here is the Iberian wolf.
2. **Location Context**: The Southern United States is specified as the location.
3. **Legal and Conservation Status**:
   - Iberian wolves are native to Spain and Portugal, not the Southern United States.
   - In the Southern United States, there are no known populations of Iberian wolves.
   - Hunting regulations for non-native species can vary widely depending on the specific animal and local laws.
4. **Hunting Regulations**: Even if Iberian wolves were present, hunting them would likely be illegal due to their conservation status and the fact that they are not native to the region.

Given these points, the answer is clear: It is not possible to hunt Iberian wolves in the Southern United States because they do not exist in that region.

The answer is: No"
294,Can a New Yorker get their eyes checked by Rand Paul legally?...,No,No,True,0.83460423050646,0.2871883809566498,0.801651744374979,95.0,"To determine if a New Yorker can get their eyes checked by Rand Paul legally, we need to consider a few key points:

1. **Rand Paul's Professional Qualifications**: Rand Paul is a U.S. Senator from Kentucky and not an ophthalmologist or optometrist. He does not have the medical training or certification required to perform eye exams in most states.

2. **State Regulations on Eye Exams**: Each state has its own regulations regarding who can perform eye exams. In New York, only licensed optometrists and ophthalmologists are permitted to conduct comprehensive eye exams.

3. **Legal Considerations**: Performing an eye exam without proper licensure could be considered practicing medicine without a license, which is illegal in most jurisdictions.

Given these points, it would not be legal for Rand Paul to perform an eye exam on someone in New York.

The answer is: No."
643,Did the Nepalese Civil War take place near India?...,Yes,Yes,True,0.826617588870006,0.15647797286510468,0.7847581229705055,95.0,"To answer this question, let's break it down into steps:

1. **Identify the location of the Nepalese Civil War**: The Nepalese Civil War took place in Nepal from 1996 to 2006. It was primarily fought between the Communist Party of Nepal (Maoist) and the government of Nepal.

2. **Determine the geographical relationship between Nepal and India**: Nepal is a landlocked country located in South Asia, bordered by China to the north and India to the south, east, and west.

3. **Assess the proximity of the conflict to India**: Given that Nepal shares a border with India, it is reasonable to conclude that the conflict would have been close to Indian territory. The war involved significant interactions with Indian territory, including border skirmishes and the movement of combatants.

4. **Conclusion**: Based on the above points, the Nepalese Civil War did indeed take place near India.

The answer is: Yes."
396,Will Chuck Norris be a nonagenarian by time next leap year after 2020 happens?...,No,No,True,0.9242093016169832,0.2734566330909729,0.9079658489222396,95.0,"To determine if Chuck Norris will be a nonagenarian (90 years old or older) by the next leap year after 2020, let's break this down step-by-step:

1. **Identify Chuck Norris' birth year**: Chuck Norris was born on March 10, 1940.

2. **Determine the next leap year after 2020**: Leap years occur every four years, with the exception of years that are divisible by 100 but not by 400. The leap years after 2020 are 2024, 2028, and so on. Therefore, the next leap year after 2020 is 2024.

3. **Calculate Chuck Norris' age in 2024**:
   - From 1940 to 2024 is 84 years.
   - So, in 2024, Chuck Norris would be 84 years old.

4. **Check if 84 is a nonagenarian**: A nonagenarian is someone who is 90 years old or older. Since 84 is less than 90, Chuck Norris will not be a nonagenarian in 2024.

Therefore, the answer is: No."
355,Would Snowdon mountain be a piece of cake for Tenzing Norgay?...,Yes,Yes,True,0.8502930176024344,0.19648568332195282,0.814893840815085,95.0,"To answer this question, let's break it down into steps:

1. **Identify Snowdon Mountain**: Snowdon is the highest mountain in Wales, with an elevation of 1,085 meters (3,560 feet).

2. **Understand Tenzing Norgay's Background**: Tenzing Norgay was a Nepalese Sherpa mountaineer who was part of the 1953 British Mount Everest expedition led by Sir Edmund Hillary. He became the first person known to have reached the summit of Mount Everest.

3. **Assess the Difficulty**: Given that Tenzing Norgay successfully climbed Mount Everest, which has an elevation of 8,848 meters (29,029 feet), and considering his experience and physical condition, climbing Snowdon would be significantly easier for him.

4. **Use the Idiom ""Piece of Cake""**: The phrase ""piece of cake"" means something that is very easy to do.

Based on these points, it is clear that for someone like Tenzing Norgay, who had already conquered one of the world's most challenging mountains, climbing Snowdon would indeed be a ""piece of cake.""

The answer is: Yes."
334,Is the letter D influenced by the shape of ancient doors?...,Yes,Yes,True,0.7872357360685049,0.19895105063915253,0.7452669729708249,85.0,"To answer this question, let's break it down into steps:

1. **Understanding the Question**: The question asks if the letter 'D' is influenced by the shape of ancient doors.

2. **Historical Context of the Letter 'D'**:
   - The letter 'D' has roots in the Phoenician alphabet, which dates back to around 1000 BCE.
   - In Phoenician, the letter was called ""dalet"" and was represented by a symbol that looked like a doorframe.

3. **Shape of Ancient Doors**:
   - Ancient doors typically had a simple vertical post with a horizontal lintel, forming a doorframe that resembles a capital 'D'.

4. **Evolution of the Letter 'D'**:
   - As the Phoenician script evolved into other scripts such as Greek and Latin, the shape of the letter 'D' changed but retained some resemblance to the doorframe shape.

5. **Conclusion**:
   - Given that the original form of the letter 'D' in Phoenician was inspired by a doorframe, and considering the evolution of the letter while maintaining some visual similarity to a door, we can conclude that there is indeed an influence from the shape of ancient doors on the letter 'D'.

The answer is: Yes."
289,Did John Lennon listen to Compact discs?...,No,No,True,0.8658118250555006,0.27756282687187195,0.8415821516453846,95.0,"To answer this question, we need to consider when John Lennon was active and when compact discs (CDs) were introduced to the market.

1. John Lennon was a member of The Beatles and had a solo career until his assassination in 1980.
2. CDs were first commercially released in Japan in 1982 and became widely available globally by the early 1980s.

Given that John Lennon died in December 1980, he would not have been able to listen to CDs during his lifetime.

The answer is: No"
501,Do the Egyptian pyramids look the same from outside as they did when new?...,No,No,True,0.7309787443663222,0.0879945382475853,0.6712687614236766,85.0,"To answer this question, let's consider the factors that have affected the appearance of the Egyptian pyramids over time:

1. **Weathering and Erosion**: Over thousands of years, the elements such as wind, rain, and sand have worn down the outer layers of the stone used to build the pyramids. This has caused the structures to lose their original smooth finish and may have exposed different colors or textures beneath the surface.

2. **Looting and Damage**: Many of the pyramids have been looted for their valuable materials, including the outer casing stones which were often made of fine white limestone. The removal of these stones has significantly altered the appearance of the pyramids.

3. **Restoration Efforts**: Some pyramids have undergone restoration work, which can involve replacing damaged or missing parts with newer materials. This can change how the pyramid looks compared to its original state.

4. **Vegetation Growth**: Over time, plants and vegetation have grown around and sometimes even on top of the pyramids, which can obscure their original appearance.

Given these factors, it is clear that the appearance of the Egyptian pyramids today is quite different from how they looked when they were newly constructed.

The answer is: No."
281,Does March begin on the same day of the week as February during leap years?...,No,No,True,0.8729535652417333,0.21174092590808868,0.8469832113364739,95.0,"To determine if March begins on the same day of the week as February during leap years, let's break it down step by step:

1. **Understand Leap Year**: A leap year has 366 days instead of the usual 365, with an extra day (February 29) added to the calendar. This means that in a leap year, February has 29 days instead of 28.

2. **Days in February and March**: 
   - In a leap year, February has 29 days.
   - March always has 31 days.

3. **Calculate Total Days from February 29 to March 1**:
   - From February 29 to March 1 is exactly 2 days.

4. **Determine Day Shift**:
   - Adding 2 days to any given day of the week will shift the day forward by 2 days. For example, if February 29 is a Monday, then March 1 would be a Wednesday.

5. **Conclusion**:
   - Since adding 2 days to the end of February shifts the start of March by 2 days, March will not begin on the same day of the week as February in a leap year.

The answer is: No"
327,Is blonde hair green eyed Sara Paxton considered a Latino?...,Yes,Yes,True,0.8135618208907545,0.21828462183475494,0.7742007279377504,95.0,"To answer this question, let's break it down step by step:

1. **Identify Sara Paxton**: Sara Paxton is an American actress and model.

2. **Determine her ethnicity**: Sara Paxton was born to a Mexican father and an Irish-American mother. This means she has mixed heritage, including Mexican and Irish.

3. **Define Latino**: The term ""Latino"" generally refers to people of Latin American descent, which includes people from countries such as Mexico, Central America, South America, and the Caribbean.

4. **Evaluate Sara Paxton's background**: Given that Sara Paxton has Mexican heritage, and Mexico is a country in Latin America, she can be considered Latino.

Therefore, based on her Mexican heritage, the answer is:

The answer is: Yes"
250,Can the history of art be learned by an amoeba?...,No,No,True,0.7666391239811977,0.14148306846618652,0.716300474443507,95.0,"Let's break this down step-by-step:

1. **Understanding the Subject**: The history of art refers to the study and analysis of artistic works and movements throughout human history. It involves understanding cultural contexts, techniques, styles, and the evolution of art over time.

2. **Understanding the Object**: An amoeba is a single-celled organism that belongs to the kingdom Protista. Amoebae do not have complex nervous systems or brains capable of learning in the way humans or even many animals can.

3. **Learning Capacity**: Learning requires the ability to process information, store it, and use it to make decisions or understand concepts. This involves cognitive functions such as memory, perception, and reasoning, which are beyond the capabilities of an amoeba.

4. **Conclusion**: Given that an amoeba lacks the necessary biological structures and cognitive abilities to learn about complex subjects like the history of art, the answer is no.

The answer is: No"
54,Does it seem like the Gorillaz is composed of more members than they have?...,Yes,Yes,True,0.7526399951611934,0.20753714442253113,0.7033118048896273,95.0,"Let's break this down step-by-step:

1. **Understanding Gorillaz**: Gorillaz is a British virtual band created by Damon Albarn and Jamie Hewlett. The band is known for its animated members, which include 2D, Murdoc Niccals, Noodle, and Russel Hobbs.

2. **Actual Members**: Despite having these four animated characters, Gorillaz is actually composed of just two real people: Damon Albarn (lead vocals, guitar) and Jamie Hewlett (character design, art direction).

3. **Perception vs. Reality**: The animated characters give the impression that there are more members in the band than there actually are. This is because fans often see the band as having multiple members based on the characters, even though these characters are not real people but rather artistic representations.

4. **Conclusion**: Given that the perception of multiple members is due to the animated characters, while the reality is that there are only two actual members, it does indeed seem like Gorillaz is composed of more members than they have.

The answer is: Yes."
660,Did Ice make people rich?...,Yes,Yes,True,0.75056464606495,0.19558322429656982,0.704298352168658,85.0,"To answer this question, we need to consider what ""ice"" refers to and how it might have impacted people's wealth historically.

1. **Historical Context**: In the early 19th century, ice was a valuable commodity. Before artificial refrigeration, ice was harvested from natural sources like lakes and rivers and used for preserving food, which was a significant advancement in food storage and preservation.

2. **Economic Impact**: The commercialization of ice led to the establishment of ice harvesting and distribution businesses. Entrepreneurs who invested in these businesses could become quite wealthy due to the high demand for ice, especially in urban areas where fresh food preservation was crucial.

3. **Modern Context**: Today, ice is widely available and inexpensive, making it less likely to directly contribute to individual wealth in the same way it did in the past.

Given this analysis, the answer is:

The answer is: Yes. Ice, particularly in its historical context, did make people rich through the establishment of profitable businesses related to ice harvesting and distribution."
335,Did Polar Bears roam around in Ancient Greece?...,No,No,True,0.7755085231240736,0.18396715819835663,0.7237827757118405,95.0,"To answer this question, let's break it down into steps:

1. **Identify the key elements of the question**: We need to determine if polar bears, which are currently found in the Arctic regions, were present in Ancient Greece.

2. **Consider the geographical context**: Ancient Greece is located in southeastern Europe and the Aegean Sea. The climate and geography of this region are not suitable for polar bears, which require cold Arctic conditions.

3. **Historical and paleontological evidence**: There is no fossil or historical evidence suggesting that polar bears ever inhabited areas where Ancient Greece is located. Polar bears are a relatively recent evolutionary development, with their divergence from brown bears occurring about 200,000 years ago. Ancient Greece dates back much further than this, with the earliest known civilizations appearing around 3000 BCE.

4. **Conclusion**: Given the mismatch between the habitat requirements of polar bears and the geographical and climatic conditions of Ancient Greece, we can conclude that polar bears did not roam around in Ancient Greece.

The answer is: No"
133,Is Alistair Darling in favor of Scottish independence?...,No,No,True,0.8433398249489005,0.14678199589252472,0.8053015577616919,95.0,"To answer this question, I need to consider the known positions of Alistair Darling on Scottish independence.

Step 1: Identify who Alistair Darling is.
Alistair Darling is a British politician who served as the Chancellor of the Exchequer and later as the Leader of the Labour Party in Scotland.

Step 2: Research his stance on Scottish independence.
Alistair Darling was one of the ""No"" campaign leaders during the 2014 Scottish independence referendum. He actively campaigned against Scottish independence, arguing that it would be economically risky for Scotland.

Step 3: Consider any recent changes in his position.
Since the 2014 referendum, there have been no significant public statements from Alistair Darling indicating a change in his stance on Scottish independence.

Based on these steps, it is clear that Alistair Darling is not in favor of Scottish independence.

The answer is: No."
499,Is ID required to get all medications from all pharmacies?...,No,No,True,0.7703351713152546,0.17816980183124542,0.7235052049176118,85.0,"To determine if an ID is required to get all medications from all pharmacies, let's break down the components of this statement:

1. **All Medications**: This refers to every type of medication available, including prescription and over-the-counter (OTC) drugs.
2. **All Pharmacies**: This includes every pharmacy, regardless of location or ownership.

Now, let's consider the requirements for obtaining medications:

- **Prescription Medications**: Generally, a valid prescription from a licensed healthcare provider is required. In many places, a government-issued ID (such as a driver's license or passport) is also required to verify the identity of the person picking up the prescription.
- **Over-the-Counter Medications**: These do not typically require a prescription but may still require identification in some jurisdictions to prevent the purchase of certain controlled substances or large quantities of OTC products.

Given these points, there are instances where an ID might be required (for prescription medications), and other times when it might not be (for OTC medications). However, the requirement can vary significantly based on local laws and pharmacy policies.

Therefore, the statement ""Is ID required to get all medications from all pharmacies?"" cannot be universally true because it depends on the specific type of medication and the specific pharmacy.

The answer is: No."
136,Do many fans of J.K Rowling know who Alan Rickman is?...,Yes,Yes,True,0.8388467508502402,0.21164678037166595,0.8075089707050234,95.0,"To answer this question, let's break it down into steps:

1. **Identify the key figures**: The question mentions two individuals - J.K. Rowling and Alan Rickman.
2. **Understand their relationship to each other and popular culture**:
   - J.K. Rowling is the author of the Harry Potter series, which has a large and dedicated fanbase.
   - Alan Rickman was an actor known for his role as Severus Snape in the Harry Potter film series.
3. **Determine the connection between the two**:
   - Alan Rickman played a significant character (Severus Snape) in the Harry Potter films, which were based on J.K. Rowling's books.
4. **Assess the knowledge level of J.K. Rowling's fans**:
   - Given that Alan Rickman played a major character in the Harry Potter films, it is highly likely that many fans of J.K. Rowling would be familiar with him.

Based on these steps, it is reasonable to conclude that many fans of J.K. Rowling would indeed know who Alan Rickman is.

The answer is: Yes."
109,Does the Constitution of the Philippines copy text from the British constitution?...,No,No,True,0.7741992925075775,0.12212814390659332,0.7243439926660439,95.0,"To answer this question, let's break it down into steps:

1. **Understanding the Constitutions**: The Constitution of the Philippines and the British Constitution are two distinct legal documents with different historical contexts and purposes.

2. **Historical Context**:
   - The British Constitution is not a single document but a collection of statutes, common law, and constitutional conventions.
   - The current Constitution of the Philippines was adopted in 1987 and replaced the 1973 Constitution.

3. **Sources of Influence**:
   - The 1987 Constitution of the Philippines was heavily influenced by the U.S. Constitution due to the country's colonial history under the United States.
   - It also incorporated principles from other constitutions and international human rights documents.

4. **Specific Comparisons**:
   - While there might be some general similarities between the two constitutions (such as principles of democracy and human rights), direct textual copying is unlikely given their different origins and the specific context of Philippine governance.

5. **Conclusion**:
   - There is no evidence of the Philippine Constitution directly copying text from the British Constitution.

The answer is: No"
468,Is sunscreen unhelpful for the condition that killed Bob Marley?...,Yes,No,False,0.7646269520286654,0.19173432886600494,0.722362545818969,85.0,"To answer this question, we need to determine what condition killed Bob Marley and whether sunscreen could have helped with it.

Step 1: Identify the condition that killed Bob Marley.
Bob Marley died of melanoma, a type of skin cancer, in 1981. The cancer originated from a melanoma lesion on his big toe that had spread to his brain.

Step 2: Consider if sunscreen could have prevented or mitigated the condition.
Sunscreen is designed to protect against ultraviolet (UV) radiation from the sun, which can cause skin damage and increase the risk of skin cancers like melanoma. If Bob Marley had used sunscreen regularly, especially on the area where he developed the melanoma, it might have reduced the severity or likelihood of the cancer developing.

Step 3: Evaluate the effectiveness of sunscreen in this context.
While sunscreen cannot guarantee prevention of all skin cancers, it is an effective tool in reducing the risk of UV-induced skin damage and subsequent skin cancers. However, it's important to note that Bob Marley's melanoma started in a toe, which is not typically exposed to sunlight, making the role of sunscreen less relevant in this specific case.

Final Answer: Considering the above steps, the answer is: No. Sunscreen would not have been directly applicable to the specific location of Bob Marley's melanoma (his big toe), but generally speaking, using sunscreen on exposed areas of the body can help prevent other types of skin cancer and reduce overall skin damage."
235,Did mongoose come from later period than rhinos?...,Yes,No,False,0.8147422220341112,0.18470166623592377,0.7768885390772045,95.0,"To answer this question, we need to consider the evolutionary timelines of both the mongoose and the rhinoceros.

1. **Mongoose Evolution**: Mongoose are part of the family Herpestidae, which includes about 34 species. The earliest known mongoose fossils date back to the Miocene epoch, approximately 23 million years ago. However, these early forms were likely quite different from modern mongooses.

2. **Rhinoceros Evolution**: Rhinoceroses belong to the family Rhinocerotidae. The earliest known rhinoceros fossils date back to the Paleocene epoch, around 60 million years ago. This places them much earlier in the timeline compared to the earliest mongooses.

Given that the earliest rhinoceros fossils are significantly older than the earliest mongoose fossils, we can conclude that rhinos came from an earlier period than mongooses.

The answer is: No."
212,"Is 2018 Ashland, Oregon population inadequate to be a hypothetical military division?...",No,Yes,False,0.8294084064458331,0.19202545285224915,0.7909910018857094,95.0,"To determine if the 2018 population of Ashland, Oregon is adequate to be a hypothetical military division, we need to follow these steps:

1. **Find the 2018 population of Ashland, Oregon**: According to the U.S. Census Bureau, the population of Ashland, Oregon in 2018 was approximately 23,000 people.

2. **Determine the typical size of a military division**: A military division typically consists of around 10,000 to 25,000 soldiers, depending on the branch and type of division (e.g., infantry, armored, etc.).

3. **Compare the population to the typical size of a military division**: The population of Ashland, Oregon (23,000) falls within the range of what could potentially be used to form a military division, but it's at the upper end of this range.

4. **Consider practical aspects**: While the population is sufficient in number, other factors such as the availability of trained personnel, facilities, and resources would also need to be considered. However, for the purpose of this hypothetical scenario, we are focusing solely on the population size.

Given that the population of Ashland, Oregon in 2018 (23,000) is within the range needed to form a military division, the answer is:

The answer is: Yes"
409,Is it wise to feed a Snickers bar to a poodle?...,No,No,True,0.8133832288838421,0.16934704780578613,0.7687739030994449,95.0,"Let's break this down step-by-step:

1. **Understanding the Question**: The question asks if it is wise to feed a Snickers bar to a poodle.

2. **Analyzing the Ingredients**:
   - A Snickers bar contains chocolate, which can be toxic to dogs.
   - It also contains sugar and other ingredients that are not suitable for dogs in large quantities.

3. **Considering the Dog's Health**:
   - Chocolate is particularly dangerous for dogs because it contains theobromine, which can cause severe health issues including seizures, vomiting, diarrhea, and even death.
   - Feeding a dog sugary treats like those found in a Snickers bar can lead to obesity, diabetes, and other health problems.

4. **Evaluating the Wisdom of the Action**:
   - Given the potential risks to the poodle's health, feeding a Snickers bar would not be considered wise.

The answer is: No"
244,Is it best to avoid kola nuts with colitis?...,Yes,Yes,True,0.7920519106646874,0.1701773852109909,0.7452345253766477,85.0,"To determine if it's best to avoid kola nuts with colitis, let's break down the information needed:

1. **Understanding Colitis**: Colitis refers to inflammation of the colon (large intestine). Symptoms can include abdominal pain, diarrhea, and bleeding.

2. **Properties of Kola Nuts**: Kola nuts contain caffeine and theobromine, which are stimulants. They also have a high caffeine content, similar to coffee.

3. **Impact on Digestive Health**:
   - Caffeine can stimulate the digestive system, potentially increasing bowel movements.
   - The high fiber content in kola nuts might also affect digestion, especially if the digestive system is already inflamed or sensitive.

4. **Considerations for People with Colitis**:
   - Increased bowel movements due to caffeine could exacerbate symptoms like diarrhea.
   - High fiber content might cause discomfort or worsen inflammation in some individuals.

5. **General Dietary Advice for Colitis**:
   - Diets often recommend avoiding stimulants and foods that can irritate the digestive tract.
   - Foods high in fiber should be consumed cautiously, depending on individual tolerance.

Given these points, it would generally be advisable to avoid kola nuts if you have colitis, as they may exacerbate symptoms due to their stimulant properties and potential to increase bowel activity.

The answer is: Yes."
132,Does Woody Allen await the Second Coming?...,No,No,True,0.8073553075167266,0.20383653044700623,0.7648023905327388,85.0,"To answer this question, we need to consider two main aspects: who Woody Allen is and what the concept of the Second Coming entails.

1. **Who is Woody Allen?**
   - Woody Allen is an American filmmaker, actor, comedian, author, and playwright. He has been active in the entertainment industry for several decades and is known for his films, stand-up comedy, and writing.

2. **What is the Second Coming?**
   - The Second Coming refers to the Christian belief that Jesus Christ will return to Earth at some future date. This event is significant in many Christian denominations and is often associated with the end times and various prophetic events.

3. **Does Woody Allen believe in the Second Coming?**
   - Woody Allen is known to be Jewish and has expressed agnostic views about religion. He has not publicly stated any belief in the Second Coming or any specific Christian eschatological beliefs.

Given these points, it is reasonable to conclude that Woody Allen does not await the Second Coming based on his public statements and religious affiliations.

The answer is: No."
249,Would Temujin hypothetically be jealous of Charlemagne's conquests?...,No,Yes,False,0.7433845276377865,0.13235101103782654,0.6774164504461299,85.0,"To determine if Temujin would hypothetically be jealous of Charlemagne's conquests, let's break down the key factors:

1. **Historical Context**:
   - **Temujin (c. 1162-1227)**: Founder and Great Khan of the Mongol Empire. He united many nomadic tribes in Asia and led them to conquer vast territories.
   - **Charlemagne (c. 742-814)**: King of the Franks and later the Holy Roman Emperor. He expanded his empire through military campaigns across Europe.

2. **Conquests**:
   - **Temujin**: His conquests primarily focused on expanding the Mongol Empire across Central Asia, Eastern Europe, and parts of China. His empire was one of the largest contiguous land empires in history.
   - **Charlemagne**: His conquests were mainly in Western Europe, including parts of modern-day France, Germany, Italy, and other regions. His empire was significant but not as extensive as the Mongol Empire.

3. **Comparative Scale**:
   - The Mongol Empire under Temujin was significantly larger than the Frankish Empire of Charlemagne. It spanned from the Sea of Japan to the Black Sea and from Siberia to the Persian Gulf.

4. **Cultural and Historical Perception**:
   - Both leaders were known for their military prowess and expansionist policies. However, the scale and impact of Temujin's conquests were more extensive and had a lasting influence on the political landscape of Eurasia.

5. **Jealousy Hypothetical**:
   - Jealousy is a complex emotion that can arise from various factors such as perceived superiority or inferiority. Given the scale of Temujin's conquests compared to Charlemagne's, it is plausible that Temujin might have felt a sense of pride and possibly even a form of jealousy towards Charlemagne's achievements, especially if he considered his own conquests to be more significant or impactful.

Considering these points, while Temujin and Charlemagne lived centuries apart and in different continents, it is reasonable to hypothesize that Temujin might have felt some form of jealousy towards Charlemagne's conquests, particularly if he viewed his own conquests as more extensive and influential.

The answer is: Yes."
72,"If Goofy were a pet, would he need heartworm prevention?...",Yes,Yes,True,0.7800486610522346,0.12164062261581421,0.7350232089209006,95.0,"Let's break this down step-by-step:

1. **Understanding Goofy**: Goofy is a fictional character from Disney, known for his clumsy nature and cheerful personality. He is typically portrayed as a dog.

2. **Pet Dogs and Heartworm Prevention**: In reality, dogs (and other pets) can be at risk of contracting heartworms if they are exposed to infected mosquitoes. Heartworm prevention is recommended for dogs to keep them healthy.

3. **Goofy as a Pet**: If Goofy were to exist as a real pet, he would likely be treated like any other dog in terms of health care needs, including preventive measures against diseases like heartworm.

4. **Conclusion**: Given that Goofy would be treated as a dog and dogs require heartworm prevention, we can conclude that Goofy would indeed need heartworm prevention if he were a real pet.

The answer is: Yes."
353,Is number of different US President's in 1800s a lucky number in Hong Kong?...,No,No,True,0.8745728772749423,0.1944243460893631,0.8408580069665832,95.0,"To answer this question, let's break it down into steps:

1. **Determine the number of different U.S. Presidents in the 1800s**:
   - The 1800s span from 1800 to 1899.
   - George Washington was the first U.S. President and served from 1789 to 1797.
   - The last U.S. President of the 1800s was Benjamin Harrison, who served from 1889 to 1893.
   - Counting all the U.S. Presidents from Thomas Jefferson (3rd President) to Benjamin Harrison (23rd President), there were 21 different U.S. Presidents in the 1800s.

2. **Identify what constitutes a ""lucky number"" in Hong Kong**:
   - In Chinese culture, particularly in Hong Kong, certain numbers are considered lucky or unlucky based on their pronunciation and how they sound similar to words with positive or negative connotations.
   - For example, the number 8 is considered very lucky because its pronunciation sounds like the word for ""wealth.""
   - The number 4 is considered unlucky because its pronunciation sounds like the word for ""death.""

3. **Check if 21 is a lucky number in Hong Kong**:
   - The number 21 does not have any specific cultural significance as a lucky or unlucky number in Hong Kong. It is simply a numerical value without inherent cultural meaning related to luck.

Based on these steps, we can conclude that the number of different U.S. Presidents in the 1800s (which is 21) is not specifically considered a lucky number in Hong Kong.

The answer is: No."
567,Does Biochemistry study gluons?...,No,No,True,0.8348529219627381,0.30774518847465515,0.8039450038670146,95.0,"Let's break this down step-by-step:

1. **Understanding Biochemistry**: Biochemistry is the branch of science that deals with the chemical processes occurring within living organisms. It focuses on the structure and function of biomolecules such as proteins, nucleic acids, carbohydrates, and lipids, as well as their interactions.

2. **Understanding Gluons**: Gluons are elementary particles that mediate the strong interaction between quarks and other gluons. They are part of quantum chromodynamics (QCD), which is a theory in particle physics.

3. **Overlap Between Fields**: Biochemistry and particle physics (which includes the study of gluons) are distinct fields. Biochemistry does not deal with subatomic particles like gluons; instead, it focuses on biological molecules and their functions at the molecular level.

4. **Conclusion**: Given that biochemistry is concerned with biological processes and molecules, and gluons are subatomic particles studied in particle physics, there is no overlap in the study of these topics.

The answer is: No"
638,Can fish get Tonsillitis?...,No,No,True,0.8313020160593139,0.23162829875946045,0.791324281745432,95.0,"To determine if fish can get tonsillitis, let's break down the components of this question:

1. **Understanding Tonsillitis**: Tonsillitis is an inflammation of the tonsils, which are part of the body's immune system located at the back of the throat in humans and some other mammals.

2. **Fish Anatomy**: Fish do not have tonsils. Their immune system is different from that of mammals, and they do not have structures similar to human tonsils.

3. **Inflammation in Fish**: While fish can experience inflammation in various parts of their bodies due to infections or other causes, it would not be referred to as tonsillitis because they lack tonsils.

Given these points, we can conclude that fish cannot get tonsillitis.

The answer is: No"
585,Would a blooming onion be possible with a shallot?...,No,No,True,0.7299183777888388,0.15414822101593018,0.6702556621269126,85.0,"Let's break this down step-by-step:

1. **Understanding the Blooming Onion**: A blooming onion is a large, flower-like onion dish that is deep-fried and served as an appetizer. It typically starts with a whole onion that is cut into very thin slices, which are then coated in batter and fried until crispy.

2. **Size Consideration**: The blooming onion process requires a substantial amount of onion to create the large, petal-like pieces. Shallots are much smaller than regular onions, usually about 1-2 inches in length compared to 3-4 inches for a regular onion.

3. **Thickness of Slices**: To achieve the blooming effect, the onion needs to be cut into extremely thin slices, often less than 1/8 inch thick. Given the size of a shallot, it would be challenging to get consistent, thin slices without them being too small to form the desired petals.

4. **Yield**: Even if you could slice a shallot thinly enough, the yield would be significantly less than that of a regular onion. This means fewer ""petals"" and potentially less appealing visually and in quantity.

5. **Flavor and Texture**: While shallots have a milder, sweeter flavor than regular onions, they still contain the same compounds that make onions pungent. However, the texture might not be as crisp when deep-fried due to their smaller size and thinner slices.

Given these considerations, while it might be possible to attempt a blooming onion with a shallot, it would not produce the same results as using a regular onion. The yield, appearance, and texture would likely be unsatisfactory.

The answer is: No."
654,Would a packed Wembley stadium be likely to have a descendant of the Mongols inside?...,Yes,Yes,True,0.7807663345878775,0.25180551409721375,0.7361212178147855,95.0,"To determine if a packed Wembley stadium would likely have a descendant of the Mongols inside, let's break this down step-by-step:

1. **Population Density**: Wembley Stadium can hold up to 90,000 people when fully packed. This represents a large and diverse population from various backgrounds.

2. **Global Distribution of Mongol Descendants**: The descendants of the Mongols, particularly those of the Mongol Empire, are spread across many countries today. They include people from Mongolia, Russia, China, and other regions where the Mongol Empire once had influence.

3. **Probability Calculation**: Given the large number of people at Wembley Stadium and the global distribution of Mongol descendants, it is statistically very likely that at least one person in the stadium would be a descendant of the Mongols.

4. **Conclusion**: While we cannot pinpoint exactly who these individuals might be, the sheer size of the crowd and the wide geographic spread of Mongol descendants make it highly probable that someone in the stadium fits this description.

The answer is: Yes."
404,Is dyslexia the most common intellectual disability in US?...,No,No,True,0.8209310285747051,0.20012345910072327,0.786104143363654,95.0,"To answer this question, let's break it down step by step:

1. **Definition of Dyslexia**: Dyslexia is a specific learning disability that affects a person's ability to read, write, and spell. It involves difficulties with phonological processing (the manipulation of sounds in spoken language).

2. **Definition of Intellectual Disability**: An intellectual disability is a condition characterized by significant limitations both in intellectual functioning and in adaptive behavior as expressed in conceptual, social, and practical skills. This is typically diagnosed before the age of 18.

3. **Comparison of Dyslexia and Intellectual Disability**:
   - Dyslexia is a specific learning disorder.
   - Intellectual disabilities are broader and can include various types of cognitive impairments, not just reading and writing difficulties.

4. **Prevalence**:
   - The prevalence of dyslexia is estimated to be around 5-15% of the population.
   - The prevalence of intellectual disabilities is much lower, with estimates ranging from 1-3% of the population.

5. **Conclusion**: Given that dyslexia affects a larger portion of the population compared to intellectual disabilities, and considering that intellectual disabilities encompass a wider range of conditions, dyslexia is not the most common intellectual disability.

The answer is: No."
76,Are Brian Cranston and Saoirse Ronan's combined Emmy Awards a prime number?...,No,No,True,0.9144896300726159,0.26458805799484253,0.8949328518881227,95.0,"To determine if Brian Cranston and Saoirse Ronan's combined Emmy Awards total is a prime number, we need to follow these steps:

1. Identify the number of Emmy Awards each has won.
2. Add these numbers together.
3. Determine if the sum is a prime number.

Step 1: Identifying Emmy Awards
- Brian Cranston won 4 Emmy Awards (for Best Actor in a Drama Series for ""Breaking Bad"").
- Saoirse Ronan has not won any Emmy Awards as of my last update in 2023.

Step 2: Adding the numbers together
- The total number of Emmy Awards between them is \(4 + 0 = 4\).

Step 3: Determining if the sum is a prime number
- A prime number is a natural number greater than 1 that has no positive divisors other than 1 and itself.
- The number 4 can be divided evenly by 1, 2, and 4. Therefore, it is not a prime number.

The answer is: No"
477,Is most store bought rice pudding made with brown rice?...,No,No,True,0.7914088938498136,0.22563491761684418,0.7478973153031394,85.0,"Let's approach this step-by-step:

1. First, we need to consider what typical ingredients are used in store-bought rice puddings.
2. Rice pudding generally uses white rice as its primary ingredient.
3. Brown rice is less commonly used in rice pudding recipes because it has a stronger, nuttier flavor and a firmer texture compared to white rice.
4. Store-bought products often use simpler, more widely available ingredients to ensure consistency and appeal to a broad consumer base.
5. It would be unusual for most store-bought rice puddings to use brown rice as the main ingredient.

Based on these considerations, the answer is:

No"
