idx,question,ground_truth,model_answer,is_correct,logit_confidence_mean,logit_confidence_min,logit_confidence_geom,verbalized_confidence,full_response,step_response
677,Carol and Jennifer are sisters from Los Angeles who love collecting signatures from celebrities. Dur...,36,36.0,True,0.8349093862765812,0.1961716413497924,0.7923123174180106,100.0,"
Let's denote the number of signatures Carol needs to collect as ""C"" and the number of signatures Jennifer needs to collect as ""J"". We know that Carol has 20 signatures and Jennifer has 44 signatures, so we can write the equation:
C + J = 100 - (20 + 44)
C + J = 100 - 64
C + J = 36
Now, we need to find the values of C and J that satisfy this equation. We can use trial and error or algebraic methods to solve for C and J.
One possible solution is:
C = 18
J = 18
This means that Carol needs to collect 18 more signatures and Jennifer needs to collect 18 more signatures to reach their goal of 100 signatures between them.
Therefore, the answer is: 36.","['Step 1: Carol and Jennifer are sisters from Los Angeles who love collecting signatures from celebrities. Dur...', 'Step 2: Let\'s denote the number of signatures Carol needs to collect as ""C"" and the number of signatures Jennifer needs to collect as ""J"". We know that Carol has 20 signatures and Jennifer has 44 signatures, so we can write the equation:\nC + J = 100 - (20 + 44)\nC + J = 100 - 64\nC + J = 36\nNow, we need to find the values of C and J that satisfy this equation. We can use trial and error or algebraic methods to solve for C and J.\nOne possible solution is:\nC = 18\nJ = 18\nThis means that Carol needs to collect 18 more signatures and Jennifer needs to collect 18 more signatures to reach their goal of 100 signatures between them.\nTherefore, the answer is: 36.']"
1046,A team of 4 painters worked on a mansion for 3/8ths of a day every day for 3 weeks. How many hours o...,189,27.0,False,0.8290789640762589,0.2111810743808746,0.7918091226807473,100.0,"
1. Convert 3/8ths of a day to hours: 3/8ths * 24 = 9 hours
2. Calculate the total number of hours worked by the team: 9 hours * 3 weeks * 4 painters = 108 hours
3. Divide the total number of hours by the number of painters to get the number of hours worked by each painter: 108 hours / 4 painters = 27 hours
4. The answer is: 27 hours","['Step 1: A team of 4 painters worked on a mansion for 3/8ths of a day every day for 3 weeks. How many hours o...', 'Step 2: 1. Convert 3/8ths of a day to hours: 3/8ths * 24 = 9 hours\n2. Calculate the total number of hours worked by the team: 9 hours * 3 weeks * 4 painters = 108 hours\n3. Divide the total number of hours by the number of painters to get the number of hours worked by each painter: 108 hours / 4 painters = 27 hours\n4. The answer is: 27 hours']"
610,It costs $194 per meter to repave a street. Monica's street is 150 meters long. How much more does i...,65960,65560.0,False,0.9194631638323388,0.2329919785261154,0.8981925842331105,100.0,"
The cost to repave Monica's street is $194 * 150 = $29,100.
The cost to repave Lewis' street is $194 * 490 = $94,660.
The difference in cost is $94,660 - $29,100 = $65,560.
Therefore, it costs $65,560 more to repave Lewis' street.

Answer: The answer is: $65,560.","[""Step 1: It costs $194 per meter to repave a street. Monica's street is 150 meters long. How much more does i..."", ""Step 2: The cost to repave Monica's street is $194 * 150 = $29,100.\nThe cost to repave Lewis' street is $194 * 490 = $94,660.\nThe difference in cost is $94,660 - $29,100 = $65,560.\nTherefore, it costs $65,560 more to repave Lewis' street.\n\nAnswer: The answer is: $65,560.""]"
49,"Richard lives in an apartment building with 15 floors. Each floor contains 8 units, and 3/4 of the b...",30,30.0,True,0.8362922968173568,0.1913218051195144,0.795432367860088,100.0,"
The total number of units in the building is 15 floors * 8 units per floor = 120 units.
Since 3/4 of the building is occupied, the number of unoccupied units is 1/4 of the total units.
The number of unoccupied units is 1/4 * 120 = 30 units.

Answer: The answer is: 30.","['Step 1: Richard lives in an apartment building with 15 floors. Each floor contains 8 units, and 3/4 of the b...', 'Step 2: The total number of units in the building is 15 floors * 8 units per floor = 120 units.\nSince 3/4 of the building is occupied, the number of unoccupied units is 1/4 of the total units.\nThe number of unoccupied units is 1/4 * 120 = 30 units.\n\nAnswer: The answer is: 30.']"
1284,An ice cream truck is traveling through a neighborhood. Children from various homes have started cha...,25,15.0,False,0.8793919991988403,0.15861776471138,0.8497340918436286,100.0,"
The number of children on the first street is 5.
On the second street, each child is joined by another child, so the number of children increases by 5.
On the third street, each child in the existing group is joined by another 2 children, so the number of children increases by 10.
The original 5 children then give up and leave the group, so the number of children decreases by 5.
Therefore, the total number of children following the truck is:
5 + 5 + 10 - 5 = 15
The answer is: 15","['Step 1: An ice cream truck is traveling through a neighborhood. Children from various homes have started cha...', 'Step 2: The number of children on the first street is 5.\nOn the second street, each child is joined by another child, so the number of children increases by 5.\nOn the third street, each child in the existing group is joined by another 2 children, so the number of children increases by 10.\nThe original 5 children then give up and leave the group, so the number of children decreases by 5.\nTherefore, the total number of children following the truck is:\n5 + 5 + 10 - 5 = 15\nThe answer is: 15']"
486,James runs 12 miles a day for 5 days a week.  If he runs 10 miles an hour how many hours does he run...,6,6.0,True,0.8001920246415668,0.136273518204689,0.7218944514232499,100.0,"

James runs 12 miles a day for 5 days a week.  If he runs 10 miles an hour how many hours does he run a week?

The answer is: 6 hours.","['Step 1: James runs 12 miles a day for 5 days a week.  If he runs 10 miles an hour how many hours does he run...', 'Step 2: James runs 12 miles a day for 5 days a week.  If he runs 10 miles an hour how many hours does he run a week?\n\nThe answer is: 6 hours.']"
548,"Mark was unwell for 3 months, during which he lost 10 pounds per month. If his final weight was 70 p...",100,100.0,True,0.8606745471246541,0.1715589463710785,0.8178318969282241,100.0,"
Let's denote Mark's initial weight as ""x"".
We know that he lost 10 pounds per month for 3 months, so his final weight can be expressed as:
Final weight = Initial weight - (Loss per month * Number of months)
70 = x - (10 * 3)
70 = x - 30
To find Mark's initial weight, we need to isolate ""x"" on one side of the equation.
Adding 30 to both sides:
70 + 30 = x - 30 + 30
100 = x
Therefore, Mark's initial weight was 100 pounds.

Answer: The answer is: 100","['Step 1: Mark was unwell for 3 months, during which he lost 10 pounds per month. If his final weight was 70 p...', 'Step 2: Let\'s denote Mark\'s initial weight as ""x"".\nWe know that he lost 10 pounds per month for 3 months, so his final weight can be expressed as:\nFinal weight = Initial weight - (Loss per month * Number of months)\n70 = x - (10 * 3)\n70 = x - 30\nTo find Mark\'s initial weight, we need to isolate ""x"" on one side of the equation.\nAdding 30 to both sides:\n70 + 30 = x - 30 + 30\n100 = x\nTherefore, Mark\'s initial weight was 100 pounds.\n\nAnswer: The answer is: 100']"
939,Craig and his brother take turns spelling out the longest letter words they know and counting the nu...,650,300.0,False,0.8266221740179591,0.231840118765831,0.7844123909616985,100.0,"
Let's denote the number of words Craig's brother has spelled as ""x"".
According to the problem, the total number of letters in the words they've spelled after the ten rounds is:
20 * 15 + x * (15 + 50)
Simplifying the expression:
300 + 65x
Therefore, the total number of letters in the words they've spelled after the ten rounds is 300 + 65x.

Final Answer:
The answer is: 300 + 65x.","['Step 1: Craig and his brother take turns spelling out the longest letter words they know and counting the nu...', 'Step 2: Let\'s denote the number of words Craig\'s brother has spelled as ""x"".\nAccording to the problem, the total number of letters in the words they\'ve spelled after the ten rounds is:\n20 * 15 + x * (15 + 50)\nSimplifying the expression:\n300 + 65x\nTherefore, the total number of letters in the words they\'ve spelled after the ten rounds is 300 + 65x.\n\nFinal Answer:\nThe answer is: 300 + 65x.']"
78,Vincent can buy flowers in packages of 3 for $2.50 or in packages of 2 for $1. How much money does h...,6,18.0,False,0.889329305345859,0.1733783632516861,0.8564004344686201,100.0,"
1. Determine the cost per flower for each package:
- Package of 3 for $2.50: $2.50/3 = $0.83 per flower
- Package of 2 for $1: $1/2 = $0.50 per flower

2. Calculate the total cost for 18 flowers at each price:
- Package of 3 for $2.50: 18/3 = 6 packages, total cost = 6 * $2.50 = $15
- Package of 2 for $1: 18/2 = 9 packages, total cost = 9 * $1 = $9

3. Calculate the difference in cost:
- Difference in cost = $15 - $9 = $6

4. Determine the savings:
- Savings = Difference in cost = $6

5. Provide the final answer:
- The answer is: Vincent saves $6 by buying 18 flowers at the better price.","['Step 1: Vincent can buy flowers in packages of 3 for $2.50 or in packages of 2 for $1. How much money does h...', 'Step 2: 1. Determine the cost per flower for each package:\n- Package of 3 for $2.50: $2.50/3 = $0.83 per flower\n- Package of 2 for $1: $1/2 = $0.50 per flower\n\n2. Calculate the total cost for 18 flowers at each price:\n- Package of 3 for $2.50: 18/3 = 6 packages, total cost = 6 * $2.50 = $15\n- Package of 2 for $1: 18/2 = 9 packages, total cost = 9 * $1 = $9\n\n3. Calculate the difference in cost:\n- Difference in cost = $15 - $9 = $6\n\n4. Determine the savings:\n- Savings = Difference in cost = $6\n\n5. Provide the final answer:\n- The answer is: Vincent saves $6 by buying 18 flowers at the better price.']"
506,Mario needs to buy snowshoes for his 6 sled dogs.  Assuming his dogs each has four legs and each pai...,144,,False,0.5327672262986501,0.1946125328540802,0.4487265826506953,,"

The answer is:","['Step 1: Mario needs to buy snowshoes for his 6 sled dogs.  Assuming his dogs each has four legs and each pai...', 'Step 2: The answer is:']"
210,Sara wants to buy herself a new jacket and 2 pairs of shoes. The jacket she wants costs $30 and each...,10,10.0,True,0.8485398120034285,0.2116612941026687,0.8097368811357182,100.0,"
Let's define the variables:
- Let x be the number of times Sara mows the lawn.
- Let y be the total amount of money Sara has after mowing the lawn.

We know that Sara wants to buy a jacket and 2 pairs of shoes, which costs a total of $30 + 2 * $20 = $70.

We also know that Sara earns $5 each time she babysits and $4 each time she mows the lawn.

Therefore, we can write the equation:
y = 4x + 5 * 4 + 10

We want to find the value of x that makes y equal to $70.

So, we can solve for x:
70 = 4x + 5 * 4 + 10
70 = 4x + 20 + 10
70 = 4x + 30
40 = 4x
x = 10

Therefore, Sara must mow the lawn 10 times before she can afford the jacket and shoes.

The answer is: 10.","['Step 1: Sara wants to buy herself a new jacket and 2 pairs of shoes. The jacket she wants costs $30 and each...', ""Step 2: Let's define the variables:\n- Let x be the number of times Sara mows the lawn.\n- Let y be the total amount of money Sara has after mowing the lawn.\n\nWe know that Sara wants to buy a jacket and 2 pairs of shoes, which costs a total of $30 + 2 * $20 = $70.\n\nWe also know that Sara earns $5 each time she babysits and $4 each time she mows the lawn.\n\nTherefore, we can write the equation:\ny = 4x + 5 * 4 + 10\n\nWe want to find the value of x that makes y equal to $70.\n\nSo, we can solve for x:\n70 = 4x + 5 * 4 + 10\n70 = 4x + 20 + 10\n70 = 4x + 30\n40 = 4x\nx = 10\n\nTherefore, Sara must mow the lawn 10 times before she can afford the jacket and shoes.\n\nThe answer is: 10.""]"
184,Jerry is rolling a six-sided die. How much more likely is it (expressed as a percentage) that he rol...,25,47.0,False,0.8885510818504575,0.143238678574562,0.8586138309068386,100.0,"
The probability of rolling a number greater than 3 on a six-sided die is 3/6 or 50%.
The probability of rolling two even numbers in a row is 1/6 * 1/6 = 1/36 or 2.78%.
The difference between these probabilities is 50% - 2.78% = 47.22%.
Therefore, Jerry is 47.22% more likely to roll a number greater than 3 than to roll two even numbers in a row.

Answer: The answer is: 47.22%.","['Step 1: Jerry is rolling a six-sided die. How much more likely is it (expressed as a percentage) that he rol...', 'Step 2: The probability of rolling a number greater than 3 on a six-sided die is 3/6 or 50%.\nThe probability of rolling two even numbers in a row is 1/6 * 1/6 = 1/36 or 2.78%.\nThe difference between these probabilities is 50% - 2.78% = 47.22%.\nTherefore, Jerry is 47.22% more likely to roll a number greater than 3 than to roll two even numbers in a row.\n\nAnswer: The answer is: 47.22%.']"
485,"Jillian's handbag cost $20 less than 3 times as much as her shoes cost. If her shoes cost $80, how m...",220,220.0,True,0.8694203361532742,0.2506461143493652,0.840036520298658,100.0,"
Let's denote the cost of Jillian's shoes as ""x"" and the cost of her handbag as ""y"".
According to the problem, we have:
y = 3x - 20
We know that the cost of her shoes is $80, so we can substitute x = 80 into the equation:
y = 3(80) - 20
y = 240 - 20
y = 220
Therefore, the cost of Jillian's handbag is $220.

Final answer: The answer is: $220.","[""Step 1: Jillian's handbag cost $20 less than 3 times as much as her shoes cost. If her shoes cost $80, how m..."", 'Step 2: Let\'s denote the cost of Jillian\'s shoes as ""x"" and the cost of her handbag as ""y"".\nAccording to the problem, we have:\ny = 3x - 20\nWe know that the cost of her shoes is $80, so we can substitute x = 80 into the equation:\ny = 3(80) - 20\ny = 240 - 20\ny = 220\nTherefore, the cost of Jillian\'s handbag is $220.\n\nFinal answer: The answer is: $220.']"
451,"On a certain day, the total cost of filling up 20 helium balloons was $900. Two days later, the cost...",11050,11050.0,True,0.8611701286974407,0.2543201148509979,0.8285544632262053,100.0,"
Let's denote the cost of filling up one balloon as ""x"".
On the first day, the cost of filling up 20 balloons was $900. Therefore, we can write the equation:
20x = 900
Solving for x, we get:
x = 900/20
x = 45
So, the cost of filling up one balloon on the first day was $45.
Two days later, the cost of filling each balloon was increased by $20. Therefore, the new cost of filling up one balloon is:
45 + 20 = 65
Now, we need to find out how much Bentley paid to fill 170 balloons after the price increase.
The cost of filling up 170 balloons is:
170 * 65 = 11050
Therefore, the answer is:
The answer is: $11050.","['Step 1: On a certain day, the total cost of filling up 20 helium balloons was $900. Two days later, the cost...', 'Step 2: Let\'s denote the cost of filling up one balloon as ""x"".\nOn the first day, the cost of filling up 20 balloons was $900. Therefore, we can write the equation:\n20x = 900\nSolving for x, we get:\nx = 900/20\nx = 45\nSo, the cost of filling up one balloon on the first day was $45.\nTwo days later, the cost of filling each balloon was increased by $20. Therefore, the new cost of filling up one balloon is:\n45 + 20 = 65\nNow, we need to find out how much Bentley paid to fill 170 balloons after the price increase.\nThe cost of filling up 170 balloons is:\n170 * 65 = 11050\nTherefore, the answer is:\nThe answer is: $11050.']"
1158,The Hortex company produces bottled carrot juices. Every day it can produce 4200 bottles of these ju...,7300,,False,0.5067210868000984,0.2143054455518722,0.414783895777237,,"
The answer is:","['Step 1: The Hortex company produces bottled carrot juices. Every day it can produce 4200 bottles of these ju...', 'Step 2: The answer is:']"
886,A singer has 50 microphones that he wants to arrange in pairs on a stage. While making the arrangeme...,20,20.0,True,0.8270052954479677,0.2090853899717331,0.7775833905058975,100.0,"
Let's assume that the singer has x microphones.
According to the problem, 20% of the microphones won't find any space to fit in after arranging the rest in pairs.
So, 80% of the microphones will be arranged in pairs.
Therefore, 0.8x microphones will be arranged in pairs.
Since each pair consists of 2 microphones, the number of pairs of microphones arranged on the stage is:
0.8x / 2 = 0.4x
Now, we need to find the value of x.
We know that the singer has 50 microphones.
Therefore, x = 50
Substituting the value of x in the equation, we get:
0.4x = 0.4 * 50 = 20
Therefore, the singer was able to arrange 20 pairs of microphones on the stage.
The answer is: 20","['Step 1: A singer has 50 microphones that he wants to arrange in pairs on a stage. While making the arrangeme...', ""Step 2: Let's assume that the singer has x microphones.\nAccording to the problem, 20% of the microphones won't find any space to fit in after arranging the rest in pairs.\nSo, 80% of the microphones will be arranged in pairs.\nTherefore, 0.8x microphones will be arranged in pairs.\nSince each pair consists of 2 microphones, the number of pairs of microphones arranged on the stage is:\n0.8x / 2 = 0.4x\nNow, we need to find the value of x.\nWe know that the singer has 50 microphones.\nTherefore, x = 50\nSubstituting the value of x in the equation, we get:\n0.4x = 0.4 * 50 = 20\nTherefore, the singer was able to arrange 20 pairs of microphones on the stage.\nThe answer is: 20""]"
889,Joelle has 5 orchids and 4 African daisies on her balcony.  If the orchids have 5 petals and daisies...,15,,False,0.5356657629211744,0.241521343588829,0.4605157262840955,,"

The answer is:","['Step 1: Joelle has 5 orchids and 4 African daisies on her balcony.  If the orchids have 5 petals and daisies...', 'Step 2: The answer is:']"
1149,Jen got 3 fish.  They each need $1 worth of food a day.  How much does she spend on food in the mont...,93,,False,0.5264217232664427,0.1794928461313247,0.4354581968086407,,"

The answer is:","['Step 1: Jen got 3 fish.  They each need $1 worth of food a day.  How much does she spend on food in the mont...', 'Step 2: The answer is:']"
1274,A family of parents and a child go to the cinema. The cost of an adult ticket is $12 and a child tic...,38,3.0,False,0.8739037911305908,0.1939837783575058,0.8399374352930578,100.0,"
Let's define the variables:
- Let A be the number of adult tickets.
- Let C be the number of child tickets.
- Let P be the number of popcorns.

The cost of an adult ticket is $12, so the cost of A adult tickets is 12A.
The cost of a child ticket is $8, so the cost of C child tickets is 8C.
The cost of 2 popcorns is $3 each, so the cost of P popcorns is 3P.

The total cost is the sum of the cost of the tickets and the cost of the popcorns:
Total cost = 12A + 8C + 3P

We don't have enough information to solve for A, C, and P, so we can't find the exact total cost. However, we can express the total cost in terms of A, C, and P:
Total cost = 12A + 8C + 3P

Therefore, the answer is: Total cost = 12A + 8C + 3P.","['Step 1: A family of parents and a child go to the cinema. The cost of an adult ticket is $12 and a child tic...', ""Step 2: Let's define the variables:\n- Let A be the number of adult tickets.\n- Let C be the number of child tickets.\n- Let P be the number of popcorns.\n\nThe cost of an adult ticket is $12, so the cost of A adult tickets is 12A.\nThe cost of a child ticket is $8, so the cost of C child tickets is 8C.\nThe cost of 2 popcorns is $3 each, so the cost of P popcorns is 3P.\n\nThe total cost is the sum of the cost of the tickets and the cost of the popcorns:\nTotal cost = 12A + 8C + 3P\n\nWe don't have enough information to solve for A, C, and P, so we can't find the exact total cost. However, we can express the total cost in terms of A, C, and P:\nTotal cost = 12A + 8C + 3P\n\nTherefore, the answer is: Total cost = 12A + 8C + 3P.""]"
286,"Kelly has 5 quarters and 2 dimes. If she buys a can of pop for 55 cents, how many cents will she hav...",90,90.0,True,0.8835040795064606,0.2169660329818725,0.8489326456250679,100.0,"
Kelly has 5 quarters and 2 dimes.
5 quarters = 5 * 25 cents = 125 cents
2 dimes = 2 * 10 cents = 20 cents
Total amount of money Kelly has = 125 + 20 = 145 cents
Kelly buys a can of pop for 55 cents.
Amount of money left = 145 - 55 = 90 cents

Answer: The answer is: 90 cents.","['Step 1: Kelly has 5 quarters and 2 dimes. If she buys a can of pop for 55 cents, how many cents will she hav...', 'Step 2: Kelly has 5 quarters and 2 dimes.\n5 quarters = 5 * 25 cents = 125 cents\n2 dimes = 2 * 10 cents = 20 cents\nTotal amount of money Kelly has = 125 + 20 = 145 cents\nKelly buys a can of pop for 55 cents.\nAmount of money left = 145 - 55 = 90 cents\n\nAnswer: The answer is: 90 cents.']"
764,Leila buys 3 cucumbers from the market. Cucumbers are $2 each. Jack buys 5 tomatoes from the grocery...,14,,False,0.5515273660421371,0.2013458609580993,0.4746716842314131,,"

The answer is:","['Step 1: Leila buys 3 cucumbers from the market. Cucumbers are $2 each. Jack buys 5 tomatoes from the grocery...', 'Step 2: The answer is:']"
704,"Gerald and Julia divided $100 in the ratio 3:2. If Gerald spent $10 on a book, how much money did he...",50,50.0,True,0.8720730479384206,0.1109016016125679,0.8276550060941513,100.0,"
1. Divide $100 in the ratio 3:2:
- Gerald gets 3/5 of $100 = $60
- Julia gets 2/5 of $100 = $40

2. Gerald spent $10 on a book:
- Gerald's remaining money = $60 - $10 = $50

3. Final answer:
- The answer is: $50","['Step 1: Gerald and Julia divided $100 in the ratio 3:2. If Gerald spent $10 on a book, how much money did he...', ""Step 2: 1. Divide $100 in the ratio 3:2:\n- Gerald gets 3/5 of $100 = $60\n- Julia gets 2/5 of $100 = $40\n\n2. Gerald spent $10 on a book:\n- Gerald's remaining money = $60 - $10 = $50\n\n3. Final answer:\n- The answer is: $50""]"
1004,"Peter has 4 boxes with the same number of chocolate bars in each, while Martha has 7 boxes with the ...",8,8.0,True,0.8606142754617491,0.2448881417512893,0.8267238961073567,100.0,"
Let's denote the number of chocolate bars in each box as ""x"".
Peter has 4 boxes, so he has a total of 4x chocolate bars.
Martha has 7 boxes, so she has a total of 7x chocolate bars.
According to the problem, Peter has 64 chocolate bars and Martha has 56 chocolate bars.
Therefore, we can set up the following equation:
4x = 64
7x = 56
Solving for x, we get:
x = 16
x = 8
Since Peter has 4 boxes and Martha has 7 boxes, we can calculate the difference in the number of chocolate bars in each box:
4x - 7x = 4(16) - 7(8) = 64 - 56 = 8
Therefore, Peter has 8 more chocolate bars in each box than Martha.

Final answer: The answer is: 8.","['Step 1: Peter has 4 boxes with the same number of chocolate bars in each, while Martha has 7 boxes with the ...', 'Step 2: Let\'s denote the number of chocolate bars in each box as ""x"".\nPeter has 4 boxes, so he has a total of 4x chocolate bars.\nMartha has 7 boxes, so she has a total of 7x chocolate bars.\nAccording to the problem, Peter has 64 chocolate bars and Martha has 56 chocolate bars.\nTherefore, we can set up the following equation:\n4x = 64\n7x = 56\nSolving for x, we get:\nx = 16\nx = 8\nSince Peter has 4 boxes and Martha has 7 boxes, we can calculate the difference in the number of chocolate bars in each box:\n4x - 7x = 4(16) - 7(8) = 64 - 56 = 8\nTherefore, Peter has 8 more chocolate bars in each box than Martha.\n\nFinal answer: The answer is: 8.']"
1096,Billy is volunteering his time to help people do their taxes. He can help 2 people per hour for 3 ho...,240,288.0,False,0.8988683677285257,0.1312727034091949,0.8739070381350329,100.0,"
Let's break down the problem into steps:

1. Calculate the total number of days between March 1st and April 19th:
- March has 31 days.
- April has 30 days.
- Total days = 31 + 30 = 61 days.

2. Calculate the number of days Billy takes off:
- 20% of 61 days = 0.2 * 61 = 12.2 days.
- Since Billy can't take a fraction of a day off, we'll round up to 13 days.

3. Calculate the number of days Billy works:
- Total days - days off = 61 - 13 = 48 days.

4. Calculate the total number of hours Billy works:
- Billy works for 3 hours a day.
- Total hours = 48 days * 3 hours/day = 144 hours.

5. Calculate the total number of people Billy helps:
- Billy can help 2 people per hour.
- Total people helped = 144 hours * 2 people/hour = 288 people.

Therefore, the answer is: Billy helps 288 people.","['Step 1: Billy is volunteering his time to help people do their taxes. He can help 2 people per hour for 3 ho...', ""Step 2: Let's break down the problem into steps:\n\n1. Calculate the total number of days between March 1st and April 19th:\n- March has 31 days.\n- April has 30 days.\n- Total days = 31 + 30 = 61 days.\n\n2. Calculate the number of days Billy takes off:\n- 20% of 61 days = 0.2 * 61 = 12.2 days.\n- Since Billy can't take a fraction of a day off, we'll round up to 13 days.\n\n3. Calculate the number of days Billy works:\n- Total days - days off = 61 - 13 = 48 days.\n\n4. Calculate the total number of hours Billy works:\n- Billy works for 3 hours a day.\n- Total hours = 48 days * 3 hours/day = 144 hours.\n\n5. Calculate the total number of people Billy helps:\n- Billy can help 2 people per hour.\n- Total people helped = 144 hours * 2 people/hour = 288 people.\n\nTherefore, the answer is: Billy helps 288 people.""]"
1221,Aiden is making his famous steakhouse-seasoned meatballs for a neighborhood cookout. He adds two tab...,10,10.0,True,0.8450055622170416,0.1774836629629135,0.8120757074671527,100.0,"
Let's denote the amount of ground beef Aiden uses as ""x"" pounds.
Since he gets 16 meatballs from each pound of meat, the total number of meatballs he can make is 16x.
We know that he wants to make 80 meatballs, so we can set up the equation:
16x = 80
To solve for x, we divide both sides by 16:
x = 80/16
x = 5
Therefore, Aiden needs to use 5 pounds of ground beef to make 80 meatballs.
Now, we can calculate the amount of secret seasoning he needs.
Since he adds two tablespoons of seasoning for every pound of meat, the total amount of seasoning he needs is:
2 tablespoons/pound * 5 pounds
= 10 tablespoons
So, Aiden needs 10 tablespoons of his secret seasoning to make 80 meatballs.

Final answer: The answer is 10 tablespoons.","['Step 1: Aiden is making his famous steakhouse-seasoned meatballs for a neighborhood cookout. He adds two tab...', 'Step 2: Let\'s denote the amount of ground beef Aiden uses as ""x"" pounds.\nSince he gets 16 meatballs from each pound of meat, the total number of meatballs he can make is 16x.\nWe know that he wants to make 80 meatballs, so we can set up the equation:\n16x = 80\nTo solve for x, we divide both sides by 16:\nx = 80/16\nx = 5\nTherefore, Aiden needs to use 5 pounds of ground beef to make 80 meatballs.\nNow, we can calculate the amount of secret seasoning he needs.\nSince he adds two tablespoons of seasoning for every pound of meat, the total amount of seasoning he needs is:\n2 tablespoons/pound * 5 pounds\n= 10 tablespoons\nSo, Aiden needs 10 tablespoons of his secret seasoning to make 80 meatballs.\n\nFinal answer: The answer is 10 tablespoons.']"
1089,Nathan has a bouncy ball that bounces to 2/3rds of its starting height with each bounce. If he drops...,32,32.0,True,0.8713372360942955,0.2301080226898193,0.8368088783562875,100.0,"
The ball is dropped from a height of 3 stories, which is 3 * 24 = 72 feet.
On the first bounce, the ball goes up to 2/3rds of its starting height, which is 2/3 * 72 = 48 feet.
On the second bounce, the ball goes up to 2/3rds of its height on the first bounce, which is 2/3 * 48 = 32 feet.
Therefore, the ball goes up to 32 feet on its second bounce.

Answer: The answer is: 32.","['Step 1: Nathan has a bouncy ball that bounces to 2/3rds of its starting height with each bounce. If he drops...', 'Step 2: The ball is dropped from a height of 3 stories, which is 3 * 24 = 72 feet.\nOn the first bounce, the ball goes up to 2/3rds of its starting height, which is 2/3 * 72 = 48 feet.\nOn the second bounce, the ball goes up to 2/3rds of its height on the first bounce, which is 2/3 * 48 = 32 feet.\nTherefore, the ball goes up to 32 feet on its second bounce.\n\nAnswer: The answer is: 32.']"
852,A basket of green food costs $25 and a basket of red food costs $18. If you buy 3 baskets of green f...,123,123.0,True,0.8672416750238745,0.2322557419538498,0.8309811492550433,100.0,"
Let's denote the number of baskets of green food as ""g"" and the number of baskets of red food as ""r"".
According to the problem, we have:
g = 3
r = 3
The cost of a basket of green food is $25, so the total cost of 3 baskets of green food is:
3 * $25 = $75
The cost of a basket of red food is $18, but we get $2 off for each basket of red food, so the total cost of 3 baskets of red food is:
3 * ($18 - $2) = $48
Therefore, the total cost of buying 3 baskets of green food and red food is:
$75 + $48 = $123
The answer is: $123.","['Step 1: A basket of green food costs $25 and a basket of red food costs $18. If you buy 3 baskets of green f...', 'Step 2: Let\'s denote the number of baskets of green food as ""g"" and the number of baskets of red food as ""r"".\nAccording to the problem, we have:\ng = 3\nr = 3\nThe cost of a basket of green food is $25, so the total cost of 3 baskets of green food is:\n3 * $25 = $75\nThe cost of a basket of red food is $18, but we get $2 off for each basket of red food, so the total cost of 3 baskets of red food is:\n3 * ($18 - $2) = $48\nTherefore, the total cost of buying 3 baskets of green food and red food is:\n$75 + $48 = $123\nThe answer is: $123.']"
1237,"Last Friday, 13 of the 82 teachers at Rydell Elementary School were sick. There were 9 substitute te...",78,78.0,True,0.7784850808481375,0.1851735562086105,0.722811458210004,100.0,"
The number of teachers at school that day is 82 - 13 + 9 = 78.

Answer: The answer is 78.","['Step 1: Last Friday, 13 of the 82 teachers at Rydell Elementary School were sick. There were 9 substitute te...', 'Step 2: The number of teachers at school that day is 82 - 13 + 9 = 78.\n\nAnswer: The answer is 78.']"
221,A water tank is filled with 120 liters of water. Celine used 90 liters of water from the tank to wat...,90,90.0,True,0.8716333869955327,0.2030833065509796,0.8359819885580044,100.0,"
Let's start by finding out how much water was left in the tank after Celine used 90 liters.
120 liters - 90 liters = 30 liters
So, 30 liters of water were left in the tank.

Now, we need to find out how much rainwater Celine collected.
Since the rainwater is twice as much as what was left, we can multiply 30 liters by 2.
30 liters * 2 = 60 liters
So, Celine collected 60 liters of rainwater.

Finally, we need to find out how many liters of water are in the tank now.
We can add the remaining water in the tank (30 liters) and the rainwater collected (60 liters).
30 liters + 60 liters = 90 liters
Therefore, there are 90 liters of water in the tank now.

Answer: The answer is: 90 liters.","['Step 1: A water tank is filled with 120 liters of water. Celine used 90 liters of water from the tank to wat...', ""Step 2: Let's start by finding out how much water was left in the tank after Celine used 90 liters.\n120 liters - 90 liters = 30 liters\nSo, 30 liters of water were left in the tank.\n\nNow, we need to find out how much rainwater Celine collected.\nSince the rainwater is twice as much as what was left, we can multiply 30 liters by 2.\n30 liters * 2 = 60 liters\nSo, Celine collected 60 liters of rainwater.\n\nFinally, we need to find out how many liters of water are in the tank now.\nWe can add the remaining water in the tank (30 liters) and the rainwater collected (60 liters).\n30 liters + 60 liters = 90 liters\nTherefore, there are 90 liters of water in the tank now.\n\nAnswer: The answer is: 90 liters.""]"
420,"To fund his store, Mr. Josue solicited money from two banks. The first bank gave him $4000, and the ...",17000,17000.0,True,0.8541111198067665,0.1901697367429733,0.8171956502564822,100.0,"
Let's denote the amount of money Mr. Josue received from the second bank as ""x"".
According to the problem, the second bank gave him twice as much as the first bank, so:
x = 2 * $4000 = $8000
Now, we can calculate the total amount of money Mr. Josue has now:
Total capital = Initial capital + Money from first bank + Money from second bank
Total capital = $5000 + $4000 + $8000
Total capital = $17000
Therefore, the answer is: The total capital Mr. Josue has now is $17000.","['Step 1: To fund his store, Mr. Josue solicited money from two banks. The first bank gave him $4000, and the ...', 'Step 2: Let\'s denote the amount of money Mr. Josue received from the second bank as ""x"".\nAccording to the problem, the second bank gave him twice as much as the first bank, so:\nx = 2 * $4000 = $8000\nNow, we can calculate the total amount of money Mr. Josue has now:\nTotal capital = Initial capital + Money from first bank + Money from second bank\nTotal capital = $5000 + $4000 + $8000\nTotal capital = $17000\nTherefore, the answer is: The total capital Mr. Josue has now is $17000.']"
1128,"Liam is 16 years old now. Two years ago, Liam’s age was twice the age of Vince. How old is Vince now...",9,9.0,True,0.8628259547909752,0.1767615228891372,0.8258189431042053,100.0,"

Let's start by defining the variables:

Let x be Liam's age two years ago.

Let y be Vince's age two years ago.

We know that Liam's age two years ago was twice Vince's age two years ago, so we can write:

x = 2y

We also know that Liam is 16 years old now, so we can write:

x + 2 = 16

Solving for x, we get:

x = 14

Substituting this value into the first equation, we get:

14 = 2y

Solving for y, we get:

y = 7

Therefore, Vince's age two years ago was 7, and his current age is:

7 + 2 = 9

So the answer is: Vince is 9 years old now.","['Step 1: Liam is 16 years old now. Two years ago, Liam’s age was twice the age of Vince. How old is Vince now...', ""Step 2: Let's start by defining the variables:\n\nLet x be Liam's age two years ago.\n\nLet y be Vince's age two years ago.\n\nWe know that Liam's age two years ago was twice Vince's age two years ago, so we can write:\n\nx = 2y\n\nWe also know that Liam is 16 years old now, so we can write:\n\nx + 2 = 16\n\nSolving for x, we get:\n\nx = 14\n\nSubstituting this value into the first equation, we get:\n\n14 = 2y\n\nSolving for y, we get:\n\ny = 7\n\nTherefore, Vince's age two years ago was 7, and his current age is:\n\n7 + 2 = 9\n\nSo the answer is: Vince is 9 years old now.""]"
584,90 single use contacts come in 1 box and will last Pete 45 days.  Each box is $100.00 and currently ...,2,,False,0.5065077493588129,0.1801773309707641,0.4135085620427497,,"

The answer is:","['Step 1: 90 single use contacts come in 1 box and will last Pete 45 days.  Each box is $100.00 and currently ...', 'Step 2: The answer is:']"
888,Lani baked 55 cookies. She ate 5 five cookies and placed the rest equally into five jars. How many c...,10,10.0,True,0.8863858469819601,0.1814266443252563,0.8575067389739063,100.0,"
1. Lani baked 55 cookies.
2. She ate 5 cookies.
3. The remaining cookies are 55 - 5 = 50.
4. She placed the remaining cookies equally into five jars.
5. To find the number of cookies in each jar, we divide the remaining cookies by the number of jars: 50 / 5 = 10.
6. Therefore, there were 10 cookies in each jar.

Answer: The answer is: 10.","['Step 1: Lani baked 55 cookies. She ate 5 five cookies and placed the rest equally into five jars. How many c...', 'Step 2: 1. Lani baked 55 cookies.\n2. She ate 5 cookies.\n3. The remaining cookies are 55 - 5 = 50.\n4. She placed the remaining cookies equally into five jars.\n5. To find the number of cookies in each jar, we divide the remaining cookies by the number of jars: 50 / 5 = 10.\n6. Therefore, there were 10 cookies in each jar.\n\nAnswer: The answer is: 10.']"
453,Jenna starts out with 8 sapphires. She trades 3 sapphires for two rubies. If sapphires are worth $80...,6400,4800.0,False,0.8862040032943089,0.1524438261985778,0.8452415750443374,100.0,"
1. Jenna starts with 8 sapphires.
2. She trades 3 sapphires for 2 rubies.
3. The value of 3 sapphires is 3 * $800 = $2400.
4. The value of 2 rubies is 2 * $1200 = $2400.
5. The total value of all her jewels is $2400 + $2400 = $4800.

Answer: The answer is: $4800.","['Step 1: Jenna starts out with 8 sapphires. She trades 3 sapphires for two rubies. If sapphires are worth $80...', 'Step 2: 1. Jenna starts with 8 sapphires.\n2. She trades 3 sapphires for 2 rubies.\n3. The value of 3 sapphires is 3 * $800 = $2400.\n4. The value of 2 rubies is 2 * $1200 = $2400.\n5. The total value of all her jewels is $2400 + $2400 = $4800.\n\nAnswer: The answer is: $4800.']"
76,"Cecilia just bought a new puppy. According to her veterinarian, she has to feed the puppy 1 cup of d...",5,8.0,False,0.8498809276308332,0.1441026628017425,0.8121135864356507,100.0,"
The puppy needs 1 cup of dog food every day for the first 180 days, so it needs 180 cups of dog food in the first 180 days.
The puppy needs 2 cups of dog food every day for the rest of its life, so it needs 2 cups of dog food every day for the remaining 365 days in the first year.
Therefore, the puppy needs 180 + 2 * 365 = 910 cups of dog food in the first year.
Since one bag of dog food contains 110 cups, Cecilia will need 910 / 110 = 8.27 bags of dog food in the first year.
Therefore, the answer is: 8.27 bags of dog food.","['Step 1: Cecilia just bought a new puppy. According to her veterinarian, she has to feed the puppy 1 cup of d...', 'Step 2: The puppy needs 1 cup of dog food every day for the first 180 days, so it needs 180 cups of dog food in the first 180 days.\nThe puppy needs 2 cups of dog food every day for the rest of its life, so it needs 2 cups of dog food every day for the remaining 365 days in the first year.\nTherefore, the puppy needs 180 + 2 * 365 = 910 cups of dog food in the first year.\nSince one bag of dog food contains 110 cups, Cecilia will need 910 / 110 = 8.27 bags of dog food in the first year.\nTherefore, the answer is: 8.27 bags of dog food.']"
261,"There are 9,300 pennies in a cup. What is the total dollar amount in a stack that contains two third...",62,62.0,True,0.8636718218316551,0.1378109753131866,0.8263610788195547,100.0,"
1. Convert the number of pennies to dollars: 9,300 pennies = 93 dollars.
2. Find two thirds of the pennies in the cup: 2/3 * 9,300 = 6,200 pennies.
3. Convert the number of pennies to dollars: 6,200 pennies = 62 dollars.
4. The total dollar amount in a stack that contains two thirds of the pennies in the cup is 62 dollars.

Answer: The answer is: 62.","['Step 1: There are 9,300 pennies in a cup. What is the total dollar amount in a stack that contains two third...', 'Step 2: 1. Convert the number of pennies to dollars: 9,300 pennies = 93 dollars.\n2. Find two thirds of the pennies in the cup: 2/3 * 9,300 = 6,200 pennies.\n3. Convert the number of pennies to dollars: 6,200 pennies = 62 dollars.\n4. The total dollar amount in a stack that contains two thirds of the pennies in the cup is 62 dollars.\n\nAnswer: The answer is: 62.']"
101,"Solo has to read 4 pages from his Science textbook, 20 pages from his Social Studies textbook, 7 pag...",6,,False,0.5499102125565211,0.2197359502315521,0.4692232070738601,,"

The answer is:","['Step 1: Solo has to read 4 pages from his Science textbook, 20 pages from his Social Studies textbook, 7 pag...', 'Step 2: The answer is:']"
1115,"Anna is trying to buy books for her local library. She had a budget of $16, and she has already spen...",5,5.0,True,0.8440828700032499,0.1630139052867889,0.8068995814089511,100.0,"
Let's denote the cost of each book as ""x"".
Anna has already spent $4, so she has $16 - $4 = $12 left in her budget.
She bought 2 books today, so the total cost of the books is 2x.
Anna has $2 left in her budget, so we can set up the equation:
12 - 2x = 2
Solving for x:
2x = 12 - 2
2x = 10
x = 10/2
x = 5
Therefore, each book cost $5.

Final answer: The answer is: $5.","['Step 1: Anna is trying to buy books for her local library. She had a budget of $16, and she has already spen...', 'Step 2: Let\'s denote the cost of each book as ""x"".\nAnna has already spent $4, so she has $16 - $4 = $12 left in her budget.\nShe bought 2 books today, so the total cost of the books is 2x.\nAnna has $2 left in her budget, so we can set up the equation:\n12 - 2x = 2\nSolving for x:\n2x = 12 - 2\n2x = 10\nx = 10/2\nx = 5\nTherefore, each book cost $5.\n\nFinal answer: The answer is: $5.']"
493,Heather's razors come 4 to a pack and cost $4.00 a pack.  They are currently on sale for buy one get...,25,0.0,False,0.8457314836012351,0.1778010725975036,0.8061545506499249,100.0,"

The cost of one pack of razors is $4.00.

Since the razors are currently on sale for buy one get one free, Heather can buy two packs of razors for the price of one.

Therefore, the cost of two packs of razors is $4.00.

Heather also has a $2.00 coupon, which she can use to reduce the cost of the razors.

Therefore, the cost of two packs of razors after the coupon is $4.00 - $2.00 = $2.00.

Since there are 4 razors in each pack, the cost of one razor is $2.00 / 4 = $0.50.

Therefore, the cost of one razor after the discount is $0.50.

The answer is: $0.50.","[""Step 1: Heather's razors come 4 to a pack and cost $4.00 a pack.  They are currently on sale for buy one get..."", 'Step 2: The cost of one pack of razors is $4.00.\n\nSince the razors are currently on sale for buy one get one free, Heather can buy two packs of razors for the price of one.\n\nTherefore, the cost of two packs of razors is $4.00.\n\nHeather also has a $2.00 coupon, which she can use to reduce the cost of the razors.\n\nTherefore, the cost of two packs of razors after the coupon is $4.00 - $2.00 = $2.00.\n\nSince there are 4 razors in each pack, the cost of one razor is $2.00 / 4 = $0.50.\n\nTherefore, the cost of one razor after the discount is $0.50.\n\nThe answer is: $0.50.']"
554,When the water is cold Ray swims a mile in 16 minutes. When the water is warm Ray swims a mile in 2 ...,54,3.0,False,0.8728441039378616,0.2136203050613403,0.8374066312693633,100.0,"

Let's denote the time it takes Ray to swim a mile in cold water as ""x"" minutes.

According to the problem, Ray swims a mile in 16 minutes when the water is cold. Therefore, we can write:

x = 16

When the water is warm, Ray swims a mile in 2 minutes more than twice as long. We can express this as:

2x + 2

Now, we need to find out how much longer Ray takes to swim 3 miles on a hot day than a cold day.

On a cold day, Ray swims 3 miles in 3x minutes.

On a hot day, Ray swims 3 miles in 3(2x + 2) minutes.

To find the difference in time, we subtract the time on a cold day from the time on a hot day:

3(2x + 2) - 3x

Simplifying the expression:

6x + 6 - 3x

Combining like terms:

3x + 6

Therefore, Ray takes 3x + 6 minutes longer to swim 3 miles on a hot day than a cold day.

The answer is: 3x + 6 minutes.","['Step 1: When the water is cold Ray swims a mile in 16 minutes. When the water is warm Ray swims a mile in 2 ...', 'Step 2: Let\'s denote the time it takes Ray to swim a mile in cold water as ""x"" minutes.\n\nAccording to the problem, Ray swims a mile in 16 minutes when the water is cold. Therefore, we can write:\n\nx = 16\n\nWhen the water is warm, Ray swims a mile in 2 minutes more than twice as long. We can express this as:\n\n2x + 2\n\nNow, we need to find out how much longer Ray takes to swim 3 miles on a hot day than a cold day.\n\nOn a cold day, Ray swims 3 miles in 3x minutes.\n\nOn a hot day, Ray swims 3 miles in 3(2x + 2) minutes.\n\nTo find the difference in time, we subtract the time on a cold day from the time on a hot day:\n\n3(2x + 2) - 3x\n\nSimplifying the expression:\n\n6x + 6 - 3x\n\nCombining like terms:\n\n3x + 6\n\nTherefore, Ray takes 3x + 6 minutes longer to swim 3 miles on a hot day than a cold day.\n\nThe answer is: 3x + 6 minutes.']"
1052,"Romeo boards a train with 120 people. At the first stop, 20 more people board the train. At the seco...",110,110.0,True,0.9068351332197851,0.1550650894641876,0.8825854500112722,100.0,"
At the first stop, 20 more people boarded the train, so the total number of people on the train is 120 + 20 = 140.
At the second stop, 50 people descended from the train, so the total number of people on the train is 140 - 50 = 90.
At the second stop, twice that number boarded the train, so the total number of people on the train is 90 + 2(50) = 190.
At the third station, 80 more people descended, so the total number of people on the train is 190 - 80 = 110.
Therefore, the total number of people on the train at the final stop is 110.

Answer: The answer is: 110.","['Step 1: Romeo boards a train with 120 people. At the first stop, 20 more people board the train. At the seco...', 'Step 2: At the first stop, 20 more people boarded the train, so the total number of people on the train is 120 + 20 = 140.\nAt the second stop, 50 people descended from the train, so the total number of people on the train is 140 - 50 = 90.\nAt the second stop, twice that number boarded the train, so the total number of people on the train is 90 + 2(50) = 190.\nAt the third station, 80 more people descended, so the total number of people on the train is 190 - 80 = 110.\nTherefore, the total number of people on the train at the final stop is 110.\n\nAnswer: The answer is: 110.']"
1171,Tom has 4 bedrooms in his house.  They measure 20 by 12 feet each.  The living room is 5 times bigge...,3160,2440.0,False,0.9167086547827936,0.2071294337511062,0.8883421465881093,100.0,"

The area of one bedroom is 20 * 12 = 240 square feet.

The area of the living room is 5 * 240 = 1200 square feet.

The area of the rest of the house is 1000 square feet.

The total area of the house is 240 + 1200 + 1000 = 2440 square feet.

Therefore, the answer is: 2440.","['Step 1: Tom has 4 bedrooms in his house.  They measure 20 by 12 feet each.  The living room is 5 times bigge...', 'Step 2: The area of one bedroom is 20 * 12 = 240 square feet.\n\nThe area of the living room is 5 * 240 = 1200 square feet.\n\nThe area of the rest of the house is 1000 square feet.\n\nThe total area of the house is 240 + 1200 + 1000 = 2440 square feet.\n\nTherefore, the answer is: 2440.']"
666,"Rayna has 60 more dollars than Kassidy, and Kassidy has 3/4 times as much money as Aurelia. If Areli...",120,120.0,True,0.8950922817618281,0.2483830749988556,0.8672388852953987,100.0,"
Let's start by defining the variables:
- Let's call the amount of money Kassidy has ""K"".
- Let's call the amount of money Rayna has ""R"".
- Let's call the amount of money Aurelia has ""A"".

We know that:
- Rayna has 60 more dollars than Kassidy: R = K + 60
- Kassidy has 3/4 times as much money as Aurelia: K = 3/4 * A
- Aurelia has $120: A = 120

Now, let's substitute the values of A and K into the equation for R:
R = K + 60
R = (3/4 * A) + 60
R = (3/4 * 120) + 60
R = 90 + 60
R = 150

So, Rayna has $150.

Now, let's find out how much money each person would have if they decided to add together their money and share equally among them:
Total money = R + K + A
Total money = 150 + (3/4 * 120) + 120
Total money = 150 + 90 + 120
Total money = 360

Each person would have:
360 / 3 = 120

Therefore, the answer is: Each person would have $120.","['Step 1: Rayna has 60 more dollars than Kassidy, and Kassidy has 3/4 times as much money as Aurelia. If Areli...', 'Step 2: Let\'s start by defining the variables:\n- Let\'s call the amount of money Kassidy has ""K"".\n- Let\'s call the amount of money Rayna has ""R"".\n- Let\'s call the amount of money Aurelia has ""A"".\n\nWe know that:\n- Rayna has 60 more dollars than Kassidy: R = K + 60\n- Kassidy has 3/4 times as much money as Aurelia: K = 3/4 * A\n- Aurelia has $120: A = 120\n\nNow, let\'s substitute the values of A and K into the equation for R:\nR = K + 60\nR = (3/4 * A) + 60\nR = (3/4 * 120) + 60\nR = 90 + 60\nR = 150\n\nSo, Rayna has $150.\n\nNow, let\'s find out how much money each person would have if they decided to add together their money and share equally among them:\nTotal money = R + K + A\nTotal money = 150 + (3/4 * 120) + 120\nTotal money = 150 + 90 + 120\nTotal money = 360\n\nEach person would have:\n360 / 3 = 120\n\nTherefore, the answer is: Each person would have $120.']"
247,Isabelle bought party supplies for her little sister’s birthday party. She spent $12 on ingredients ...,32,32.0,True,0.8550062568203823,0.1702854484319687,0.8134984098681113,100.0,"
The total cost of the party supplies is:
$12 + $43 + $15 + $4 + $22 = $96

Since Isabelle split the cost evenly three ways with her two parents, each person paid:
$96 / 3 = $32

Therefore, the answer is: $32.","['Step 1: Isabelle bought party supplies for her little sister’s birthday party. She spent $12 on ingredients ...', 'Step 2: The total cost of the party supplies is:\n$12 + $43 + $15 + $4 + $22 = $96\n\nSince Isabelle split the cost evenly three ways with her two parents, each person paid:\n$96 / 3 = $32\n\nTherefore, the answer is: $32.']"
44,"Charlie wants to sell beeswax candles.  For every pound of beeswax, he can make 10 tapered candles. ...",20,,False,0.5602517972389857,0.2345045804977417,0.488657775096231,,"

The answer is:","['Step 1: Charlie wants to sell beeswax candles.  For every pound of beeswax, he can make 10 tapered candles. ...', 'Step 2: The answer is:']"
497,"Paul is driving a car twice a day: in the morning, and in the afternoon. He did that for 14 days. Ea...",112,,False,0.5308381641904513,0.1986646801233291,0.4379897251248635,,"
The answer is:","['Step 1: Paul is driving a car twice a day: in the morning, and in the afternoon. He did that for 14 days. Ea...', 'Step 2: The answer is:']"
63,Aleena subscribed to a streaming service that charges her $140 per month. If the streaming company c...,1596,266.0,False,0.8612432433467991,0.1895646005868911,0.825947973205975,100.0,"
The initial amount charged for the first half of the year is $140.
The amount charged for the second half of the year is 10% less than the initial amount, which is $140 - 0.1 * $140 = $126.
The total amount paid for the streaming service by the end of the year is $140 + $126 = $266.

Answer: The answer is: $266.","['Step 1: Aleena subscribed to a streaming service that charges her $140 per month. If the streaming company c...', 'Step 2: The initial amount charged for the first half of the year is $140.\nThe amount charged for the second half of the year is 10% less than the initial amount, which is $140 - 0.1 * $140 = $126.\nThe total amount paid for the streaming service by the end of the year is $140 + $126 = $266.\n\nAnswer: The answer is: $266.']"
1036,There are forty apples in one box. Uncle Franky ordered two boxes of apples. He is planning to pack ...,10,10.0,True,0.8574257764678735,0.1324027180671692,0.8146077415327453,100.0,"
1. Uncle Franky ordered two boxes of apples.
2. Each box has forty apples.
3. Therefore, he has a total of 80 apples.
4. He wants to pack the apples with eight apples in one pack.
5. To find the number of packs he can make, we divide the total number of apples by the number of apples in one pack.
6. 80 ÷ 8 = 10
7. Therefore, Uncle Franky can make 10 packs of apples with the two boxes of apples.

Final Answer: The answer is: 10.","['Step 1: There are forty apples in one box. Uncle Franky ordered two boxes of apples. He is planning to pack ...', 'Step 2: 1. Uncle Franky ordered two boxes of apples.\n2. Each box has forty apples.\n3. Therefore, he has a total of 80 apples.\n4. He wants to pack the apples with eight apples in one pack.\n5. To find the number of packs he can make, we divide the total number of apples by the number of apples in one pack.\n6. 80 ÷ 8 = 10\n7. Therefore, Uncle Franky can make 10 packs of apples with the two boxes of apples.\n\nFinal Answer: The answer is: 10.']"
51,Tom's ship can travel at 10 miles per hour.  He is sailing from 1 to 4 PM.  He then travels back at ...,5,,False,0.4884132320682208,0.1550486236810684,0.3886519471063633,,"

The answer is:","[""Step 1: Tom's ship can travel at 10 miles per hour.  He is sailing from 1 to 4 PM.  He then travels back at ..."", 'Step 2: The answer is:']"
422,Bill is signing up for a new streaming service. He got a special introductory deal where the first 6...,284,408.0,False,0.8708451939746737,0.1741855293512344,0.8317874339358484,100.0,"
The first 6 months cost $8 each, so the total cost for the first 6 months is 6 * $8 = $48.
The next 8 months cost $12 each, so the total cost for the next 8 months is 8 * $12 = $96.
The remaining 18 months cost $14 each, so the total cost for the remaining 18 months is 18 * $14 = $252.
The total cost for 2 years is $48 + $96 + $252 = $408.

Answer: The answer is: $408.","['Step 1: Bill is signing up for a new streaming service. He got a special introductory deal where the first 6...', 'Step 2: The first 6 months cost $8 each, so the total cost for the first 6 months is 6 * $8 = $48.\nThe next 8 months cost $12 each, so the total cost for the next 8 months is 8 * $12 = $96.\nThe remaining 18 months cost $14 each, so the total cost for the remaining 18 months is 18 * $14 = $252.\nThe total cost for 2 years is $48 + $96 + $252 = $408.\n\nAnswer: The answer is: $408.']"
