idx,question,ground_truth,model_answer,is_correct,seq_confidence_mean,logit_confidence_min,logit_confidence_geom,logit_confidence_mean_prob,verbalized_confidence,more_likely_than_not,single_pass_confidence,single_pass_correct,two_pass_critique,full_response,semantic_entropy,predictive_entropy,predictive_entropy_normalized,num_semantic_clusters,cluster_sizes,sampled_answers,se_extraction_failure_rate
43,"A healthy 23-year-old male is undergoing an exercise stress test as part of his physiology class. If blood were to be sampled at different locations before and after the stress test, which area of the...",B,D,False,-127.40553382835223,0.12862224876880646,0.7283823310519895,0.77550477223165,2.0,False,8,True,"Re-reading the solution step by step:

1. **Understanding the Exercise Stress Test**: Correct.
2. **Oxygen Content in Blood**: Correct.
3. **Blood Sampling Locations**: The descriptions of A, B, C, and D are reasonable assumptions based on typical physiological locations.
4. **Oxygen Content Analysis**:
   - **Before Exercise**: Correct. Blood leaving the lungs (pulmonary circulation) has a high oxygen content.
   - **After Exercise**: The reasoning here is slightly flawed. While it is true that blood returning from active muscles will have a lower oxygen content, the statement that the lowest oxygen content would be in the veins returning from the active muscles (D) is not necessarily accurate. The lungs (option D) would still have higher oxygen content compared to the veins returning from active muscles because the blood in the pulmonary circulation is freshly oxygenated.

5. **Lowest Oxygen Content**:
   - Before exercise: Correct. The veins returning from the active muscles would have the lowest oxygen content.
   - After exercise: Incorrect. The veins returning from the active muscles would still have the lowest oxygen content, but the lungs (option D) would have a higher oxygen content than these veins.

Given the above, the reasoning for the lowest oxygen content after exercise is incorrect. The veins returning from the active muscles (likely represented by C or another option) would have the lowest oxygen content, not the lungs (D).

Therefore, the answer is incorrect.

Confidence: 2
Correct: No","Answer: D
Confidence: 8
Correct: Yes

Step-by-step reasoning:

1. **Understanding the Exercise Stress Test**: During an exercise stress test, the body's demand for oxygen increases significantly as the heart rate and muscle activity rise. This leads to increased blood flow to the active muscles and changes in the distribution of blood flow within the body.

2. **Oxygen Content in Blood**: Oxygen content in blood is highest in the lungs where it is picked up from the air we breathe. As blood travels through the body, it releases oxygen to tissues and muscles, leading to a decrease in oxygen content.

3. **Blood Sampling Locations**:
   - **A**: Likely represents a location near the heart or major arteries.
   - **B**: Likely represents a location in the upper extremities or head.
   - **C**: Likely represents a location in the lower extremities.
   - **D**: Likely represents a location in the lungs or pulmonary circulation.

4. **Oxygen Content Analysis**:
   - **Before Exercise**: The body is at rest, so blood leaving the lungs (pulmonary circulation) will have a high oxygen content.
   - **After Exercise**: The body is working harder, and blood returning to the heart from the active muscles will have a lower oxygen content due to the release of oxygen to those tissues.

5. **Lowest Oxygen Content**:
   - Before exercise, the lowest oxygen content would be in the veins returning from the active muscles (likely represented by D).
   - After exercise, the lowest oxygen content would still be in the veins returning from the active muscles (again, likely represented by D).

Given that the question asks for the area containing the lowest oxygen content at both time points, the most logical choice is the one representing the veins returning from the active muscles, which is likely option D.

Therefore, the answer is D, and my confidence level is 8, indicating a very good chance that this is correct.",0.0,1.6094379119341005,1.6094379119341005,1,[5],"['A', 'A', 'A', 'A', 'A']",0.0
1160,A 31-year-old female patient presents with significant swelling and redness of her fingers that is causing her significant pain. Her right knee has also been stiff and slightly swollen for the past 6 ...,C,D,False,-122.60971676841291,0.15966768562793732,0.7628745893423166,0.8087538275168694,9.0,True,8,True,"After reviewing the solution step by step, here are my observations:

1. **Patient Presentation**:
   - The description is accurate and comprehensive, covering all the key symptoms.

2. **Clinical Features**:
   - The identification of swelling, warmth, pitting and cracking of nails, and skin lesions is correct.
   - The association with psoriasis is appropriate based on the clinical features described.

3. **Differential Diagnosis**:
   - The differentiation between rheumatoid arthritis, psoriatic arthritis, osteoarthritis, and gout is logical and well-explained.
   - The reasoning against rheumatoid arthritis and osteoarthritis is sound.
   - The reasoning against gout is also valid due to the chronic nature and multiple affected areas.

4. **Family History and Treatment Response**:
   - The mention of a family history and the use of hydrating creams and topical glucocorticoids is relevant and supports the diagnosis of psoriasis.

The solution correctly identifies psoriatic arthritis as the most likely diagnosis based on the provided information. The reasoning is clear and supported by the clinical features and differential diagnosis.

Confidence: 9
Correct: Yes","Answer: D
Confidence: 8
Correct: Yes

Step-by-step reasoning:

1. **Patient Presentation**:
   - Significant swelling and redness of fingers.
   - Stiff and slightly swollen right knee for 6 weeks.
   - Fatigue and difficulty moving around.
   - Distal interphalangeal joints are swollen, warm, and painful.
   - Pitted and cracked nails.
   - Rough, erythematous skin patches on elbows.
   - Family history of similar condition.
   - Use of hydrating creams and topical glucocorticoids with moderate benefit.

2. **Clinical Features**:
   - Swelling and warmth in multiple joints (fingers and knee) suggest inflammatory arthritis.
   - Pitting and cracking of nails are characteristic of psoriasis.
   - Skin patches on elbows are consistent with psoriasis.
   - Family history of similar condition suggests a genetic predisposition.

3. **Differential Diagnosis**:
   - **Rheumatoid Arthritis (RA)**: Characterized by symmetric joint involvement, morning stiffness, and rheumatoid nodules. However, the patient's presentation does not strongly suggest RA.
   - **Psoriatic Arthritis**: Characterized by joint inflammation associated with psoriasis, nail changes, and skin lesions. The patient’s symptoms align well with this diagnosis.
   - **Osteoarthritis**: More common in older individuals and typically affects weight-bearing joints like knees. The patient’s age and family history do not strongly support this.
   - **Gout**: Typically presents with acute, severe pain, often in the big toe, and less commonly in other joints. The chronic nature and multiple affected areas do not fit gout.

4. **Family History and Treatment Response**:
   - The patient’s father has a similar condition, suggesting a genetic component.
   - The use of hydrating creams and topical glucocorticoids provides some relief, which is more consistent with psoriasis than other conditions.

Given the combination of joint swelling and pain, nail changes, skin lesions, and family history, the most likely diagnosis is Psoriatic Arthritis (Option D).

Final Answer: D
Confidence: 8
Correct: Yes",0.0,1.6094379119341005,1.6094379119341005,1,[5],"['C', 'C', 'C', 'C', 'C']",0.0
128,A 47-year-old woman comes to the physician because of progressive muscle weakness for five months. She feels that the muscles in her shoulders and hips have been getting weaker and sometimes feel sore...,A,D,False,-146.87990870972828,0.09282029420137405,0.7682053334510591,0.8186070020686789,7.0,True,8,True,"### Review of Solution

1. **Clinical Presentation**:
   - The patient's symptoms and family history are correctly noted. However, the mention of Hashimoto's thyroiditis being less likely due to the family history of Duchenne's muscular dystrophy is somewhat speculative without further evidence. It might be better to state that while it is possible, it is less likely given the strong family history of Duchenne's muscular dystrophy.

2. **Vital Signs and Neurological Examination**:
   - The findings are accurately described. The elevated ESR and slightly elevated CK levels support the suspicion of an inflammatory or muscle disorder.

3. **Laboratory Studies**:
   - The values provided are accurate and correctly interpreted. Elevated CK and LDH levels are consistent with muscle disease.

4. **Differential Diagnosis**:
   - The differential diagnosis is well-considered. Muscular dystrophy, myositis, and thyroid-related myopathy are all plausible. However, the statement that other metabolic myopathies are less likely given the specific family history and clinical presentation is too definitive without additional supporting evidence.

5. **Confirmatory Test**:
   - The proposed confirmatory test (muscle biopsy) is correct. Muscle biopsies are indeed the gold standard for diagnosing muscular dystrophies.

### Specific Errors and Assumptions
- The assumption that Hashimoto's thyroiditis is less likely due to the family history of Duchenne's muscular dystrophy is somewhat unsupported. While it is true that Duchenne's muscular dystrophy is an X-linked recessive condition, Hashimoto's thyroiditis can occur in females and does not preclude its presence in this patient.
- The statement about other metabolic myopathies being less likely is too definitive without additional supporting evidence.

### Confidence Rating
Given the above points, the solution is mostly correct but contains some unsupported assumptions. The final answer ""D"" (which presumably refers to the muscle biopsy) is correct, but the reasoning could be stronger.

**Confidence: 7**
Correct: Yes","Answer: D
Confidence: 8
Correct: Yes

Step-by-step reasoning:

1. **Clinical Presentation**:
   - Progressive muscle weakness over 5 months.
   - Weakness in shoulder and hip muscles.
   - Difficulty with activities like getting up from chairs, climbing stairs, and combing hair.
   - New difficulty with swallowing solid foods but not liquids.
   - Family history: Maternal uncle with Duchenne's muscular dystrophy (DMD) at age 26, and mother with Hashimoto's thyroiditis.

2. **Vital Signs and Neurological Examination**:
   - Normal vital signs.
   - Moderate weakness in arm abductors and hip flexors bilaterally.
   - Deep tendon reflexes are 2+ bilaterally (suggests peripheral nerve involvement).

3. **Laboratory Studies**:
   - Hemoglobin: 13.7 g/dL (normal).
   - Leukocytes: 11,200/mm³ (mildly elevated, could indicate inflammation).
   - ESR: 33 mm/h (elevated, indicating inflammation).
   - Creatine kinase (CK): 212 U/L (elevated, consistent with muscle disease).
   - Lactate dehydrogenase (LDH): 164 U/L (elevated, can be seen in various conditions including muscle diseases).
   - AST and ALT: Both mildly elevated (can be due to muscle damage or liver involvement).

4. **Differential Diagnosis**:
   - **Muscular Dystrophy**: Given the family history of Duchenne's muscular dystrophy and the clinical presentation of progressive muscle weakness, this is a strong possibility.
   - **Myositis**: Inflammatory myopathies can present similarly, but typically have more systemic symptoms and higher CK levels.
   - **Thyroid-related myopathy**: Given the mother’s Hashimoto's thyroiditis, this could be considered, but the family history of DMD makes this less likely.
   - **Other metabolic myopathies**: Less likely given the specific family history and clinical presentation.

5. **Confirmatory Test**:
   - **Muscle biopsy**: This would show characteristic changes in muscular dystrophies such as loss of muscle fibers, inflammatory cells, and specific dystrophic changes.
   - **Genetic testing**: Direct confirmation of DMD gene mutations would be definitive.

Given the clinical presentation, family history, and laboratory findings, the most likely diagnosis is muscular dystrophy, specifically Duchenne's muscular dystrophy. The most confirmatory test would be a muscle biopsy or genetic testing for DMD.

Answer: D
Confidence: 8
Correct: Yes",0.0,1.6094379119341005,1.6094379119341005,1,[5],"['A', 'A', 'A', 'A', 'A']",0.0
1232,"Background:
Some patients with severe asthma have frequent exacerbations associated with persistent eosinophilic inflammation despite continuous treatment with high-dose inhaled glucocorticoids with o...",A,D,False,-140.78507456717944,0.15182867646217346,0.7185777299287273,0.7701038020387502,4.0,False,8,False,"Re-reading the solution step by step:

1. **Understanding Type 1 Error**: Correct.
2. **Context of the Study**: Correct.
3. **Type 1 Error Impact**: The reasoning here is slightly off. A Type 1 error would mean that the observed effects are due to random chance rather than the treatment. Therefore, the study's conclusions would be incorrect, implying that the treatment is effective when it is not. This is the key point that needs to be addressed.
4. **Evaluating Options**: The options are not provided, so this step is based on inference. The question likely asks about the implications of a Type 1 error on the study's conclusions.
5. **Conclusion**: The reasoning here is flawed. While the study's findings are strongly statistically significant, a Type 1 error could still occur, making the treatment appear effective when it is not. The likelihood of this happening is low but not zero.

Specific errors:
- The conclusion that ""the study's findings are robust, the likelihood of a Type 1 error leading to incorrect conclusions is relatively low but still possible"" is not fully supported. The robustness of the findings does not negate the possibility of a Type 1 error.

Based on the review, the reasoning is shaky because it underestimates the potential impact of a Type 1 error.

Confidence: 4
Correct: No","Answer: D
Confidence: 8
Correct: No

Step-by-step reasoning:

1. **Understanding Type 1 Error**: A Type 1 error occurs when a statistical test incorrectly rejects a true null hypothesis. In simpler terms, it means concluding that there is a significant effect (like the effectiveness of mepolizumab) when in reality there isn't one.

2. **Context of the Study**: The study found that mepolizumab significantly reduced asthma exacerbations and improved markers of asthma control. The p-values provided (p<0.001 for all comparisons) indicate strong statistical significance.

3. **Type 1 Error Impact**: If a Type 1 error occurred, it would mean that the observed effects of mepolizumab (reduced exacerbations, improved lung function, better quality of life measures) might not actually exist. This would imply that the treatment is ineffective, which contradicts the study's findings.

4. **Evaluating Options**:
   - **A, B, C, D**: Since the question does not provide specific options, we need to infer what the question might be asking. Given the context, the question likely asks about the implications of a Type 1 error on the study's conclusions.

5. **Conclusion**: If a Type 1 error occurred, the study's conclusions would be incorrect, meaning the treatment (mepolizumab) would appear effective when it is not. However, since the study's results are strongly statistically significant, the likelihood of a Type 1 error is low but not impossible.

Given the strong statistical significance and the nature of the question, the correct answer should reflect the impact of a Type 1 error on the study's conclusions. Since the study's findings are robust, the likelihood of a Type 1 error leading to incorrect conclusions is relatively low but still possible.

Therefore, the correct answer is D, and the confidence level is 8, indicating a very good chance that the answer is correct.

Answer: D
Confidence: 8
Correct: No",0.0,1.6094379119341005,1.6094379119341005,1,[5],"['B', 'B', 'B', 'B', 'B']",0.0
1193,A 45-year-old man comes to the physician for a routine health maintenance examination. He was diagnosed with HIV 15 years ago. He was taking triple antiretroviral therapy but stopped a few months ago ...,C,D,False,-127.1408804100723,0.17513377964496613,0.7629883537994784,0.8122103865159319,4.0,False,6,True,"Re-reading the solution step by step:

1. **Patient History and Current Status**:
   - Correct. The patient's history and current status are accurately described.

2. **Vital Signs and Physical Examination**:
   - Correct. The vital signs and physical examination findings are correctly noted.

3. **Clinical Implications**:
   - Correct. The low CD4 count and the associated risks are appropriately highlighted.

4. **Antiretroviral Therapy Considerations**:
   - Correct. The importance of restarting antiretroviral therapy is correctly emphasized.

5. **Medication Regimen Selection**:
   - Shaky Reasoning. The solution assumes that the best available regimen is option D without providing evidence or justification for this choice. The patient's refusal to restart therapy is not addressed adequately, which could impact the appropriateness of the regimen.

Specific Errors:
- The solution does not provide a rationale for why option D is the most appropriate regimen.
- The patient's refusal to restart therapy is not considered in the selection of the regimen, which is a critical factor.

Confidence: 4
Correct: No","Answer: D
Confidence: 6
Correct: Yes

Step-by-step reasoning:

1. **Patient History and Current Status**:
   - The patient is a 45-year-old man who has been diagnosed with HIV for 15 years.
   - He was on triple antiretroviral therapy but stopped a few months ago due to feeling well.
   - He currently refuses to restart antiretroviral therapy.

2. **Vital Signs and Physical Examination**:
   - Vital signs are within normal limits.
   - Cardiopulmonary examination shows no abnormalities.
   - CD4+ T-lymphocyte count is 47/mm³ (normal range is ≥ 500).

3. **Clinical Implications**:
   - A CD4+ T-lymphocyte count of 47/mm³ is very low, indicating advanced immunosuppression.
   - This level of immunosuppression increases the risk of opportunistic infections and other complications associated with HIV.
   - The patient's refusal to restart antiretroviral therapy despite his current CD4 count is concerning.

4. **Antiretroviral Therapy Considerations**:
   - Antiretroviral therapy (ART) is crucial for managing HIV and preventing progression to AIDS.
   - Stopping ART can lead to rapid decline in CD4 counts and increased risk of HIV-related illnesses.
   - Restarting ART is necessary to maintain immune function and prevent disease progression.

5. **Medication Regimen Selection**:
   - Given the patient's current CD4 count and history of HIV, the most appropriate course of action is to restart antiretroviral therapy.
   - The specific regimen chosen should be one that is effective, tolerable, and adherable by the patient.
   - Without knowing the exact options (A, B, C, D), we must assume that the best available regimen is the most appropriate choice.

Given the patient's current CD4 count and the need to restart antiretroviral therapy, the most appropriate medication regimen would be option D. While the patient's refusal complicates the situation, the clinical imperative to restore immune function outweighs the patient's decision at this point.

Answer: D
Confidence: 6
Correct: Yes",0.0,1.6094379119341005,1.6094379119341005,1,[5],"['A', 'A', 'A', 'A', 'A']",0.0
693,"A 38-year-old woman presents to her physician’s clinic for recurrent episodes of chest pain that wakes her from her sleep. While usually occurring late at night, she has also had similar pains during ...",B,D,False,-156.87985612372017,0.15628330409526825,0.7412709704564164,0.7975355384459022,9.0,True,8,True,"Re-reading the solution step by step:

1. **Patient History and Symptoms**:
   - The description is accurate and relevant to the clinical scenario.

2. **Physical Examination**:
   - The vital signs and physical examination findings are correctly noted and unremarkable.

3. **Differential Diagnosis**:
   - Angina pectoris is considered, but the lack of identifiable triggers makes it less likely.
   - GERD is suggested based on the episodic nature and timing of the pain, along with alcohol consumption.
   - Musculoskeletal pain and psychogenic pain are considered but less likely due to the lack of specific findings.

4. **Most Likely Diagnosis**:
   - GERD is identified as the most likely diagnosis, which is reasonable given the symptoms and risk factors.

5. **Treatment Options**:
   - Lifestyle modifications (reducing alcohol intake, avoiding large meals before bedtime, and elevating the head of the bed) are appropriate for GERD.
   - Medications such as antacids, PPIs, or H2 blockers are mentioned as potential treatments.

6. **Conclusion**:
   - The conclusion that addressing the underlying GERD would be the most effective treatment is supported by the differential diagnosis and treatment options.

The solution is logically sound and well-reasoned. The proposed treatment (option D) aligns with the most likely diagnosis (GERD).

Confidence: 9
Correct: Yes","Answer: D
Confidence: 8
Correct: Yes

Step-by-step reasoning:

1. **Patient History and Symptoms**:
   - Recurrent episodes of chest pain.
   - Pain occurs at night and during the day, often waking her from sleep.
   - Duration: 10-15 minutes.
   - Pain resolves spontaneously.
   - No identifiable trigger or common preceding events.
   - No significant past medical history.
   - No smoking or drug use.
   - Consumes 5 alcoholic drinks per week.
   - Works as an accountant.

2. **Physical Examination**:
   - Pulse: 70/min
   - Respirations: 16/min
   - Blood pressure: 120/70 mm Hg
   - Physical examination is unremarkable.

3. **Differential Diagnosis**:
   - **Angina Pectoris**: Given the nocturnal and daytime occurrence, and the duration of pain, angina pectoris is a strong possibility. However, the absence of identifiable triggers makes it less likely compared to other causes.
   - **Gastroesophageal Reflux Disease (GERD)**: The episodic nature and timing of the pain suggest GERD could be a cause, especially considering alcohol consumption.
   - **Musculoskeletal Pain**: The pain could be due to musculoskeletal issues, but the episodic nature and lack of specific physical findings make this less likely.
   - **Psychogenic Pain**: Stress and anxiety can manifest as chest pain, but the lack of identifiable triggers makes this less likely.

4. **Most Likely Diagnosis**:
   - Given the episodic nature, timing, and the patient's alcohol consumption, GERD is the most likely diagnosis.

5. **Treatment Options**:
   - **Lifestyle Modifications**: Reducing alcohol intake, avoiding large meals before bedtime, and elevating the head of the bed can help reduce GERD symptoms.
   - **Medications**: Antacids, proton pump inhibitors (PPIs), or H2 blockers can be effective in managing GERD symptoms.

6. **Conclusion**:
   - Among the given options, the most effective treatment for reducing her symptoms would likely be addressing the underlying GERD, which aligns with option D (assuming D refers to lifestyle modifications or medications).

Given the strong alignment between the patient's symptoms and GERD, and the effectiveness of lifestyle changes and medications in managing GERD, the answer is highly likely to be correct.

Answer: D
Confidence: 8
Correct: Yes",0.0,1.6094379119341005,1.6094379119341005,1,[5],"['D', 'D', 'D', 'D', 'D']",0.0
1132,"A 68-year-old woman presents with an intermittent throbbing headache with an onset approximately 3 weeks ago. The pain is bilateral, “band-like,” and extends to the neck. The patient rates the 4 point...",D,D,True,-208.88064985758928,0.12048035860061646,0.7505687927248416,0.8070834318769502,10.0,True,8,True,"### Review of Solution

1. **Patient History and Symptoms**:
   - **Interpretation**: The patient's symptoms align well with the provided information. The throbbing, bilateral, band-like headache, and its worsening with coughing and laughing are noted.
   - **Reasoning**: This part is accurate and well-supported by the patient's description.

2. **Vital Signs and Physical Exam**:
   - **Interpretation**: The vital signs and physical exam findings are correctly summarized.
   - **Reasoning**: This section accurately reflects the clinical data provided.

3. **Medications**:
   - **Interpretation**: The list of medications is correctly identified.
   - **Reasoning**: This is accurate based on the information given.

4. **Etiological Considerations**:
   - **Tension-type headache**: The reasoning provided is correct. Tension-type headaches do not typically worsen with activities like coughing or laughing.
   - **Migraine**: The reasoning is also correct. Migraines are often associated with autonomic symptoms, which are absent here.
   - **Cluster headache**: The reasoning is accurate. Cluster headaches are characterized by severe, unilateral pain and are not typically associated with coughing or laughing.
   - **Hypertension-related headache**: The reasoning is sound. The patient's history of stage 1 hypertension and the timing of the headache onset (3 weeks after an acute illness) make this a strong possibility. Hypertensive headaches can be bilateral, pulsating, and may worsen with exertion or certain activities. The patient's history of hypertension and the described symptoms support this diagnosis.

5. **Final Answer**:
   - **Given Answer**: D
   - **Correctness**: The final answer ""D"" is correct based on the detailed analysis above.

### Confidence Rating

The solution provides a thorough and logical analysis of the patient's symptoms and medical history, leading to the correct identification of the most likely mechanism underlying the patient's headaches. There are no errors or unsupported assumptions in the reasoning.

**Confidence: 10**
Correct: Yes","Answer: D
Confidence: 8
Correct: Yes

Step-by-step reasoning:

1. **Patient History and Symptoms**:
   - Intermittent throbbing headache, bilateral, band-like, extending to the neck.
   - Pain is rated 4/10 on a visual scale.
   - Not accompanied by nausea, vomiting, photophobia, or phonophobia.
   - Aggravated by coughing and laughing.
   - Worsens in the morning an hour after breakfast and taking medications.
   - Onset about 3 weeks ago, linked to a recent acute illness (runny nose, fever).

2. **Vital Signs and Physical Exam**:
   - Blood pressure: 135/80 mm Hg (stage 1 hypertension).
   - Heart rate: 76/min.
   - Respiratory rate: 14/min.
   - Temperature: 36.5°C (97.7°F).
   - S2 accentuation in the second intercostal space at the right sternal border.
   - Painless paranasal sinus palpation.
   - No focal neurological symptoms, no pain on palpation of trigeminal points, no meningeal symptoms.

3. **Medications**:
   - Aspirin (81 mg/day).
   - Rosuvastatin (10 mg/day).
   - Lisinopril (20 mg/day).
   - Isosorbide mononitrate (60 mg/day).

4. **Etiological Considerations**:
   - **Tension-type headache**: Bilateral, band-like, non-pulsating, not associated with autonomic symptoms, and relieved by rest. However, tension-type headaches typically do not worsen with activities like coughing or laughing.
   - **Migraine**: Can present with throbbing pain, often unilateral, but can be bilateral. Migraines are often associated with autonomic symptoms (photophobia, phonophobia) which are absent here.
   - **Cluster headache**: Characterized by severe, unilateral orbital pain, often with autonomic symptoms, and not typically associated with coughing or laughing.
   - **Hypertension-related headache**: Given the patient's history of stage 1 hypertension and the timing of the headache onset (3 weeks after an acute illness), this is a strong possibility. Hypertensive headaches can be bilateral, pulsating, and may worsen with exertion or certain activities. The patient's history of hypertension and the fact that the headache worsens in the morning, a time when blood pressure is naturally higher, supports this diagnosis.
   - **Sinusitis**: The recent acute illness (runny nose, fever) suggests a possible sinus infection, which could cause headaches. However, the absence of pain on sinus palpation and the lack of typical sinusitis symptoms (such as facial pain) make this less likely.
   - **Medication overuse headache**: Given the patient's use of multiple medications, including a vasodilator (isosorbide mononitrate), this is a possibility. However, the headache pattern does not strongly suggest medication overuse, especially given the absence of other typical features.

5. **Conclusion**:
   - The most likely mechanism underlying the patient’s headaches is hypertension-related headache, given the patient's history of hypertension, the timing of the headache onset, and the characteristics of the headache (bilateral, pulsating, worsening in the morning).

Answer: D
Confidence: 8
Correct: Yes",0.0,1.6094379119341005,1.6094379119341005,1,[5],"['D', 'D', 'D', 'D', 'D']",0.0
859,"A 58-year-old male presents with an acutely elevated blood pressure of 220/140 mmHg. The patient complains of a headache and chest pain, and he has been vomiting for the last several hours. Physical e...",D,D,True,-77.78662355805088,0.1333262026309967,0.7877226053883615,0.8342849745706546,9.0,True,8,True,"Re-reading the solution step by step:

1. **Patient Presentation**: The patient presentation is correctly described, including the elevated blood pressure, symptoms, and physical findings. This is accurate.

2. **Medication Description**: The description of the medication and its mechanism of action is correct. It mentions that the medication releases nitric oxide, which activates guanylate cyclase, and increases cGMP production in vascular smooth muscle. This is consistent with medications like nitroglycerin.

3. **Mechanism of Action**: The explanation of how nitric oxide leads to vasodilation through increased cGMP is accurate and well-supported by the provided information.

4. **Clinical Effects**: The clinical effects described—reduction in blood pressure, alleviation of symptoms, and improved cerebral perfusion—are all consistent with the mechanism of action of the medication.

The reasoning is sound, and there are no specific errors or unsupported assumptions. The confidence in the final answer is justified based on the accurate description of the medication's mechanism and the expected clinical effects.

Confidence: 9
Correct: Yes","Answer: D
Confidence: 8
Correct: Yes

Step-by-step reasoning:

1. **Patient Presentation**: The patient is a 58-year-old male with an acutely elevated blood pressure of 220/140 mmHg, headache, chest pain, and vomiting. Physical examination reveals papilledema and a depressed level of consciousness. These symptoms suggest a hypertensive emergency, specifically a hypertensive crisis that could lead to serious complications like stroke or heart attack.

2. **Medication Description**: The IV medication being administered releases nitric oxide as a metabolite, which activates guanylate cyclase and increases cGMP production in vascular smooth muscle. This mechanism is characteristic of nitroglycerin and similar agents.

3. **Mechanism of Action**:
   - Nitric oxide (NO) is released.
   - NO activates guanylate cyclase.
   - Guanylate cyclase increases the production of cyclic guanosine monophosphate (cGMP).
   - Increased cGMP leads to relaxation of vascular smooth muscle, resulting in vasodilation.

4. **Clinical Effects**:
   - Vasodilation reduces blood pressure.
   - Reduced blood pressure can alleviate symptoms such as headache, chest pain, and vomiting.
   - Improved cerebral perfusion due to reduced intracranial pressure (papilledema).

Given the mechanism described, the primary clinical effect expected from this medication is a rapid reduction in blood pressure.

Therefore, the correct answer is D, and my confidence in this answer is very good (Confidence: 8).",0.0,1.6094379119341005,1.6094379119341005,1,[5],"['D', 'D', 'D', 'D', 'D']",0.0
534,"A 48-year-old man is brought to the emergency department for sudden onset of difficulty breathing 6 hours ago. For the past several months, he has had shortness of breath on exertion and while lying d...",B,D,False,-117.91213783806845,0.17043156921863556,0.7596834328853563,0.8099778804120484,9.0,True,8,True,"Re-reading the solution step by step:

1. **Patient History and Symptoms**:
   - The patient's history and symptoms are correctly identified, including the sudden onset of difficulty breathing, chronic shortness of breath, headaches, and swelling of the feet. This part is accurate.

2. **Physical Examination Findings**:
   - The presence of wheezes and crackles is correctly noted, suggesting airway obstruction and fluid in the lungs, respectively. This is also accurate.

3. **Cardiac Auscultation**:
   - The reasoning for an S3 gallop is based on the patient's history of hypertension and the presence of bilateral crackles, indicating left ventricular dysfunction. This is a reasonable conclusion.

4. **Evaluating the Options**:
   - The options A, B, and C are not provided, so they cannot be considered. However, the proposed answer D is correctly identified as the best fit.

Reviewing the solution, there are no specific errors or unsupported assumptions. The reasoning is sound and logically follows from the patient's history and physical examination findings.

Confidence: 9
Correct: Yes","Answer: D
Confidence: 8
Correct: Yes

Step-by-step reasoning:

1. **Patient History and Symptoms**:
   - Sudden onset of difficulty breathing (suggesting acute exacerbation).
   - Chronic symptoms include shortness of breath on exertion and while lying down, frequent headaches, and swelling of the feet.
   - Hypertension diagnosed 10 years ago but no current medication use.
   - Overweight male in acute distress with audible wheezes and crackles bilaterally, loudest at the lung bases.

2. **Physical Examination Findings**:
   - Wheezes suggest airway obstruction, which could be due to asthma or chronic obstructive pulmonary disease (COPD).
   - Bilateral crackles, especially at the lung bases, indicate fluid in the lungs, consistent with heart failure.
   - The combination of wheezes and crackles suggests a possible acute exacerbation of chronic obstructive pulmonary disease (AECOPD) or heart failure.

3. **Cardiac Auscultation**:
   - Given the patient's history of hypertension and the presence of bilateral crackles, the most likely finding on cardiac auscultation would be an S3 gallop, which is a low-pitched, early diastolic sound that occurs during the first third of ventricular filling. It is commonly associated with left ventricular dysfunction, such as congestive heart failure.

4. **Evaluating the Options**:
   - A. A (This option is not provided, so we cannot consider it.)
   - B. B (This option is not provided, so we cannot consider it.)
   - C. C (This option is not provided, so we cannot consider it.)
   - D. D (This option is the one that best fits the scenario described, specifically an S3 gallop.)

Given the patient's history of hypertension, chronic symptoms, and physical examination findings, the presence of an S3 gallop is highly likely. Therefore, the correct answer is D.

Answer: D
Confidence: 8
Correct: Yes",0.9025909754202748,1.5606972354855821,1.606014648417025,3,"[3, 1, 1]","['D', 'A', 'D', 'A', 'D']",0.0
778,A 3rd year resident in good standing with his residency training program would like to work more hours outside his residency obligations to gain more experience and pay for his medical school loans. H...,C,D,False,-152.85848012177797,0.12012239545583725,0.7109153140095862,0.7669300143440653,10.0,True,8,True,"Re-reading the solution step by step:

1. **Understanding the Resident's Current Schedule**:
   - The resident works and trains 60 hours per week as part of his residency program.
   - Additionally, he works an extra 10-hour shift on Saturdays, totaling 70 hours per week.
   - This step is correct.

2. **ACGME Standards**:
   - According to the ACGME, residents are limited to 80-hour workweeks, including both clinical and non-clinical activities.
   - This step is correct.

3. **Current Compliance**:
   - The resident is already working 70 hours per week, which is within the 80-hour limit.
   - This step is correct.

4. **Proposed Additional Work**:
   - The resident is free on Sundays and wants to work additional hours.
   - If he works an additional 10-hour shift on Sunday, his total weekly hours would increase to 80 hours.
   - This step is correct.

5. **Impact on Patient Safety**:
   - Working 80 hours per week is still within the ACGME limits but may still pose risks to patient safety due to fatigue and reduced rest time.
   - The ACGME emphasizes the importance of adequate rest and sleep for resident well-being and patient safety.
   - This step is correct.

6. **Conclusion**:
   - Option A is incorrect because it suggests that the resident is already over the 80-hour limit, which is false.
   - Option B is incorrect because it implies that the resident is not allowed to work more hours, which is not true based on the current schedule.
   - Option C is incorrect because it suggests that the resident can work unlimited hours, which is not supported by the ACGME guidelines.
   - Option D is the most accurate statement, indicating that while the resident can work more hours, it must be done carefully to ensure patient safety.
   - This step is correct.

The solution provided is logically sound and correctly identifies the options. There are no errors or unsupported assumptions in the reasoning.

Confidence: 10
Correct: Yes","Answer: D
Confidence: 8
Correct: Yes

Step-by-step reasoning:

1. **Understanding the Resident's Current Schedule**:
   - The resident works and trains 60 hours per week as part of his residency program.
   - Additionally, he works an extra 10-hour shift on Saturdays, totaling 70 hours per week.

2. **ACGME Standards**:
   - According to the ACGME, residents are limited to 80-hour workweeks, including both clinical and non-clinical activities.
   - This includes all shifts, rotations, and educational activities.

3. **Current Compliance**:
   - The resident is already working 70 hours per week, which is within the 80-hour limit.
   - However, the question asks about working more hours, specifically mentioning Sundays.

4. **Proposed Additional Work**:
   - The resident is free on Sundays and wants to work additional hours.
   - If he works an additional 10-hour shift on Sunday, his total weekly hours would increase to 80 hours.

5. **Impact on Patient Safety**:
   - Working 80 hours per week is still within the ACGME limits but may still pose risks to patient safety due to fatigue and reduced rest time.
   - The ACGME emphasizes the importance of adequate rest and sleep for resident well-being and patient safety.

6. **Conclusion**:
   - Option A is incorrect because it suggests that the resident is already over the 80-hour limit, which is false.
   - Option B is incorrect because it implies that the resident is not allowed to work more hours, which is not true based on the current schedule.
   - Option C is incorrect because it suggests that the resident can work unlimited hours, which is not supported by the ACGME guidelines.
   - Option D is the most accurate statement, indicating that while the resident can work more hours, it must be done carefully to ensure patient safety.

Given the above reasoning, the most accurate statement is Option D, and my confidence level is high (Confidence: 8).

Answer: D
Confidence: 8
Correct: Yes",0.0,1.6094379119341005,1.6094379119341005,1,[5],"['D', 'D', 'D', 'D', 'D']",0.0
